交易標的,地址,幾樓,屋齡,是否有電梯,坪數,每坪價格,車位坪數,車位每坪價格,緯度,經度,最近捷運站出口,距離(公尺),類別
房地(土地+建物),內湖路一段１巷３弄９號五樓,5.0,45.0,0,28.75,700011,0.0,,25.085415,121.558644,劍南路站出口3,287,無電梯_4樓以上
房地(土地+建物),承德路四段６巷５３號四樓,4.0,58.0,0,4.0,333135,0.0,,25.079891,121.5197,劍潭站出口2,633,無電梯_4樓以上
房地(土地+建物),永吉路１２０巷４３弄１之１號四樓,4.0,51.0,0,26.17,840585,0.0,,25.044364,121.570404,市政府站出口4,474,無電梯_4樓以上
房地(土地+建物),基隆路一段１１巷１０弄１２號五樓,5.0,48.0,0,23.76,475623,0.0,,25.048742,121.569936,南京三民站出口3,610,無電梯_4樓以上
房地(土地+建物),吉林路３５２號四樓,4.0,50.0,0,24.15,848806,0.0,,25.063677,121.530209,中山國小站出口3,339,無電梯_4樓以上
房地(土地+建物),東明街６２號四樓,4.0,41.0,0,15.41,454270,0.0,,25.054989,121.602999,南港站出口1,481,無電梯_4樓以上
房地(土地+建物),酒泉街１４０號四樓之１,4.0,53.0,0,22.4,781247,0.0,,25.071988,121.51242,圓山站出口2,775,無電梯_4樓以上
房地(土地+建物),萬大路３２９巷２７弄１７號五樓,5.0,44.0,0,31.79,408899,0.0,,25.024201,121.501273,龍山寺站出口2,1222,無電梯_4樓以上
房地(土地+建物),重慶北路三段１５２巷１４號四樓,4.0,40.0,0,22.19,608428,0.0,,25.068079,121.512957,大橋頭站出口3,485,無電梯_4樓以上
房地(土地+建物),民權東路六段４７巷１０弄１２號四樓,4.0,41.0,0,26.84,596108,0.0,,25.069507,121.58722,文德站出口2,1019,無電梯_4樓以上
房地(土地+建物),承德路四段４０巷７３號六樓之３,5.0,54.0,0,10.77,499119,0.0,,25.081435,121.521106,劍潭站出口2,420,無電梯_4樓以上
房地(土地+建物),興隆路三段２０７巷１５弄１１號五樓,5.0,43.0,0,41.17,297766,0.0,,24.995313,121.562284,萬芳醫院站出口,644,無電梯_4樓以上
房地(土地+建物),麗山街３３８巷９號四樓,4.0,43.0,0,40.21,489452,0.0,,25.082437,121.573481,港墘站出口2,291,無電梯_4樓以上
房地(土地+建物),南京東路六段１３８號四樓,4.0,49.0,0,24.61,502958,0.0,,25.055019,121.578456,松山站出口5,501,無電梯_4樓以上
房地(土地+建物),中社路一段４３巷２號四樓,4.0,49.0,0,31.38,430151,0.0,,25.108502,121.560309,劍南路站出口1,2608,無電梯_4樓以上
房地(土地+建物),木柵路二段１０９巷２８號五樓,5.0,37.0,0,46.29,464448,0.0,,24.990706,121.563392,萬芳社區站出口,1011,無電梯_4樓以上
房地(土地+建物),內湖路三段１８７巷２５號四樓,4.0,46.0,0,20.76,664722,0.0,,25.087414,121.588382,內湖站出口1,719,無電梯_4樓以上
房地(土地+建物),松山路４６５巷２７弄１２號四樓,4.0,53.0,0,22.99,882994,0.0,,25.040466,121.579146,永春站出口5,260,無電梯_4樓以上
房地(土地+建物),行義路１８６巷２６弄２３號五樓,5.0,40.0,0,31.64,308140,0.0,,25.131612,121.5293,石牌站出口1,2330,無電梯_4樓以上
房地(土地+建物),松江路４３１巷１１號四樓,4.0,47.0,0,27.51,701581,0.0,,25.065666,121.534226,行天宮站出口4,602,無電梯_4樓以上
房地(土地+建物),內湖路一段７３７巷３３弄１２號四樓,4.0,34.0,0,32.26,638471,0.0,,25.079641,121.579541,港墘站出口1,381,無電梯_4樓以上
房地(土地+建物),南京東路五段１２３巷４弄８號四樓,4.0,59.0,0,33.04,696211,0.0,,25.052446,121.561158,南京三民站出口1,225,無電梯_4樓以上
房地(土地+建物),青年路１６８巷２弄６４號四樓,4.0,50.0,0,11.59,517743,0.0,,25.01992,121.501344,頂溪站出口2,1556,無電梯_4樓以上
房地(土地+建物),通河街４７號四樓,4.0,45.0,0,20.94,605568,0.0,,25.080188,121.522651,劍潭站出口2,403,無電梯_4樓以上
房地(土地+建物),石牌路一段１６６巷９４號四樓,4.0,48.0,0,21.99,691359,0.0,,25.112315,121.515031,石牌站出口2,182,無電梯_4樓以上
房地(土地+建物),中山北路六段７５４巷１４之１號五樓,5.0,46.0,0,33.64,603485,0.0,,25.115221,121.528768,明德站出口2,1165,無電梯_4樓以上
房地(土地+建物),泉源路３９之３１號六樓,6.0,43.0,0,37.59,339144,0.0,,25.141441,121.50715,新北投站出口1,617,無電梯_4樓以上
房地(土地+建物),吉林路３２９巷２０號四樓,4.0,47.0,0,27.58,870040,0.0,,25.063857,121.531145,行天宮站出口4,431,無電梯_4樓以上
房地(土地+建物),德行東路１０９巷６３弄１號四樓,4.0,45.0,0,33.66,617905,0.0,,25.109502,121.528193,芝山站出口2,863,無電梯_4樓以上
房地(土地+建物),和平東路三段３５８號四樓,4.0,48.0,0,24.88,522496,0.0,,25.019355,121.557626,麟光站出口,133,無電梯_4樓以上
房地(土地+建物),中華路二段１５０巷４９之２號五樓,5.0,41.0,0,20.88,766227,0.0,,25.030306,121.502604,龍山寺站出口3,577,無電梯_4樓以上
房地(土地+建物),康樂街６１巷１２弄１２號五樓,5.0,39.0,0,30.1,465136,0.0,,25.068718,121.618659,東湖站出口3,699,無電梯_4樓以上
房地(土地+建物),合江街１７０巷３０號五樓,5.0,39.0,0,31.71,743661,0.0,,25.060648,121.537924,行天宮站出口3,465,無電梯_4樓以上
房地(土地+建物),通河西街二段１０８巷２弄７號四樓,4.0,50.0,0,20.05,573489,0.0,,25.092522,121.507549,芝山站出口1,1852,無電梯_4樓以上
房地(土地+建物),行義路１４０巷２３號五樓,5.0,39.0,0,45.96,293761,0.0,,25.129601,121.528772,石牌站出口1,2122,無電梯_4樓以上
房地(土地+建物),中正路３０５巷１７之１號四樓,4.0,43.0,0,22.24,705943,0.0,,25.093993,121.523846,士林站出口1,214,無電梯_4樓以上
房地(土地+建物),農安街７７巷１２號四樓,4.0,40.0,0,26.46,548067,0.0,,25.066238,121.528416,中山國小站出口4,411,無電梯_4樓以上
房地(土地+建物),辛亥路七段７６巷１７號四樓,4.0,47.0,0,22.59,420528,0.0,,24.981997,121.554654,大坪林站出口5,1158,無電梯_4樓以上
房地(土地+建物),知行路８９號五樓,5.0,43.0,0,32.58,294639,0.0,,25.118441,121.468503,關渡站出口1,788,無電梯_4樓以上
房地(土地+建物),通化街２０２號五樓,5.0,47.0,0,41.08,681606,0.0,,25.026029,121.552369,六張犁站出口,245,無電梯_4樓以上
房地(土地+建物),景明街３之８號五樓,5.0,41.0,0,29.62,509726,0.0,,25.001575,121.541195,萬隆站出口2,165,無電梯_4樓以上
房地(土地+建物),安泰街６５巷４號四樓,4.0,44.0,0,29.81,404503,0.0,,25.075119,121.616989,葫洲站出口1,944,無電梯_4樓以上
房地(土地+建物),新明路３８０巷３弄４號四樓,4.0,43.0,0,38.21,439725,0.0,,25.055256,121.580634,松山站出口5,596,無電梯_4樓以上
房地(土地+建物),松江路１００巷２９號四樓,4.0,51.0,0,41.03,867636,0.0,,25.051111,121.530363,松江南京站出口1,220,無電梯_4樓以上
房地(土地+建物),吉利街２８０巷２７弄４號四樓,4.0,55.0,0,26.54,648120,0.0,,25.117662,121.510169,唭哩岸站出口1,471,無電梯_4樓以上
房地(土地+建物),環河北路三段１６５號四樓,4.0,43.0,0,28.3,530057,0.0,,25.086842,121.50509,三重國小站出口,1989,無電梯_4樓以上
房地(土地+建物),福興路６３巷４弄１７號四樓,4.0,46.0,0,26.86,470979,0.0,,25.004297,121.5491,辛亥站出口,803,無電梯_4樓以上
房地(土地+建物),忠誠路二段２１巷４５弄９號四樓,4.0,41.0,0,26.93,530353,0.0,,25.11034,121.532814,芝山站出口2,1279,無電梯_4樓以上
房地(土地+建物),健康路３２５巷１８弄３５號五樓,5.0,38.0,0,30.94,779506,0.0,,25.056203,121.568675,南京三民站出口4,650,無電梯_4樓以上
房地(土地+建物),莊敬路２８９巷８弄１４號四樓,4.0,33.0,0,15.34,871112,0.0,,25.028979,121.564206,台北101/世貿站出口3,422,無電梯_4樓以上
房地(土地+建物),青年路１６８巷４９弄５號四樓之１,4.0,50.0,0,17.55,452965,0.0,,25.019528,121.501978,頂溪站出口2,1480,無電梯_4樓以上
房地(土地+建物),新生北路三段８７巷２２號四樓,4.0,53.0,0,29.51,616638,0.0,,25.067313,121.52861,中山國小站出口4,529,無電梯_4樓以上
房地(土地+建物),中和街４９３巷１２號四樓之３,4.0,46.0,0,23.26,279423,0.0,,25.144288,121.494533,新北投站出口2,1150,無電梯_4樓以上
房地(土地+建物),中和街４９３巷１４號四樓之１,4.0,46.0,0,24.44,286393,0.0,,25.144214,121.494501,新北投站出口2,1147,無電梯_4樓以上
房地(土地+建物),敦化北路２４４巷４１之１號五樓,5.0,41.0,0,20.11,839503,0.0,,25.061009,121.547411,中山國中站出口,346,無電梯_4樓以上
房地(土地+建物),文林路６６１巷３９弄２７號五樓,5.0,47.0,0,31.19,705406,0.0,,25.100291,121.52251,芝山站出口1,196,無電梯_4樓以上
房地(土地+建物),富陽街１５２巷６號四樓,4.0,42.0,0,26.42,643371,0.0,,25.018087,121.556642,麟光站出口,205,無電梯_4樓以上
房地(土地+建物),辛亥路五段６７號四樓,4.0,42.0,0,28.49,561612,0.0,,24.998329,121.553389,萬芳醫院站出口,454,無電梯_4樓以上
房地(土地+建物),興隆路二段２２０巷５５弄８號五樓,5.0,45.0,0,30.39,440991,0.0,,24.999078,121.551617,萬芳醫院站出口,618,無電梯_4樓以上
房地(土地+建物),內湖路三段３４３巷２弄１２號五樓,5.0,45.0,0,29.03,468418,0.0,,25.088782,121.584953,內湖站出口1,1092,無電梯_4樓以上
房地(土地+建物),新興路１５８巷３４弄１號四樓,4.0,44.0,0,32.97,348808,0.0,,25.139243,121.48645,復興崗站出口1,204,無電梯_4樓以上
房地(土地+建物),中央北路四段１２６巷１０號五樓,5.0,40.0,0,37.81,277709,0.0,,25.134245,121.476223,忠義站出口2,446,無電梯_4樓以上
房地(土地+建物),環河北路二段２４１號四樓之１,4.0,49.0,0,32.06,598841,0.0,,25.070542,121.509536,大橋頭站出口1A,832,無電梯_4樓以上
房地(土地+建物),興隆路二段１５３巷２弄１６號四樓,4.0,52.0,0,19.87,664379,0.0,,25.001039,121.5491,萬芳醫院站出口,890,無電梯_4樓以上
房地(土地+建物),木柵路一段３３１之９號四樓,4.0,48.0,0,22.28,524330,0.0,,24.988681,121.556689,萬芳醫院站出口,1195,無電梯_4樓以上
建物,林森北路９巷６號五樓,5.0,28.0,0,48.04,353046,8.16,159314.0,25.04563,121.524056,善導寺站出口1,121,無電梯_4樓以上
房地(土地+建物),永興路一段３２巷１弄６號四樓,4.0,47.0,0,31.89,435253,0.0,,25.13882,121.500369,新北投站出口2,305,無電梯_4樓以上
房地(土地+建物),萬大路４８６巷３７弄７２號四樓,4.0,56.0,0,16.92,543677,0.0,,25.019807,121.495761,中原站出口,1724,無電梯_4樓以上
房地(土地+建物),保儀路１６５號四樓,4.0,47.0,0,34.87,358452,0.0,,24.983679,121.566047,萬芳社區站出口,1674,無電梯_4樓以上
房地(土地+建物),萬大路４９３巷５０號五樓,5.0,38.0,0,34.14,462758,0.0,,25.019836,121.499269,龍山寺站出口2,1699,無電梯_4樓以上
房地(土地+建物),內湖路一段９１巷３９弄１１號四樓,4.0,39.0,0,25.33,655472,0.0,,25.08838,121.562297,劍南路站出口1,770,無電梯_4樓以上
房地(土地+建物),艋舺大道３９０巷７號四樓,4.0,53.0,0,23.73,463468,0.0,,25.030577,121.494125,龍山寺站出口2,762,無電梯_4樓以上
房地(土地+建物),至誠路二段１２９號四樓,4.0,46.0,0,22.12,627607,0.0,,25.10093,121.526882,芝山站出口1,445,無電梯_4樓以上
房地(土地+建物),合江街６１巷６號四樓,4.0,43.0,0,25.66,794980,0.0,,25.057178,121.539594,南京復興站出口1,567,無電梯_4樓以上
房地(土地+建物),興隆路三段２５５巷６弄１３號四樓,4.0,39.0,0,15.19,329131,0.0,,24.992004,121.559537,萬芳醫院站出口,840,無電梯_4樓以上
房地(土地+建物),麗山街３９３巷８號四樓,4.0,45.0,0,29.56,636054,0.0,,25.081659,121.572388,港墘站出口2,293,無電梯_4樓以上
房地(土地+建物),辛亥路七段６９巷８號四樓,4.0,43.0,0,34.42,481677,0.0,,24.982424,121.554297,大坪林站出口5,1119,無電梯_4樓以上
房地(土地+建物),樂利路９０號四樓,4.0,,0,29.81,801790,0.0,,25.025298,121.552066,六張犁站出口,174,無電梯_4樓以上
房地(土地+建物),和平東路三段１１９巷３１號四樓,4.0,48.0,0,42.9,874178,0.0,,25.026585,121.551179,六張犁站出口,342,無電梯_4樓以上
房地(土地+建物),萬大路３２９巷１３弄３號四樓,4.0,49.0,0,22.96,522586,0.0,,25.024012,121.500886,龍山寺站出口2,1239,無電梯_4樓以上
房地(土地+建物),康樂街７２巷１７弄７７號四樓,4.0,40.0,0,26.35,683014,0.0,,25.071022,121.61667,東湖站出口3,647,無電梯_4樓以上
房地(土地+建物),信義路五段１５０巷４１８弄１９號四樓,4.0,38.0,0,24.74,600281,0.0,,25.025027,121.571681,象山站出口2,836,無電梯_4樓以上
房地(土地+建物),大度路三段３０１巷２８弄２２號五樓,5.0,38.0,0,21.86,379608,0.0,,25.122246,121.465372,關渡站出口2,389,無電梯_4樓以上
房地(土地+建物),社子街２２巷６０弄６號四樓,4.0,55.0,0,26.62,450841,0.0,,25.086355,121.506264,劍潭站出口2,1893,無電梯_4樓以上
房地(土地+建物),臥龍街１８８巷８號四樓,4.0,45.0,0,23.82,608608,0.0,,25.017734,121.551024,六張犁站出口,702,無電梯_4樓以上
房地(土地+建物),北安路５７５號四樓,4.0,55.0,0,22.26,659361,0.0,,25.081303,121.548475,大直站出口1,188,無電梯_4樓以上
房地(土地+建物),安居街９８巷１０號五樓,5.0,47.0,0,30.27,611204,0.0,,25.01927,121.552452,六張犁站出口,510,無電梯_4樓以上
房地(土地+建物),石牌路二段３１５巷３４弄１７之１號五樓,5.0,37.0,0,35.33,500397,0.0,,25.123545,121.523417,石牌站出口1,1259,無電梯_4樓以上
房地(土地+建物),天玉街７３號五樓,5.0,46.0,0,47.52,578671,0.0,,25.122471,121.530952,石牌站出口2,1784,無電梯_4樓以上
房地(土地+建物),迪化街二段２７２巷７號四樓,4.0,40.0,0,36.15,327785,0.0,,25.070641,121.51158,大橋頭站出口3,790,無電梯_4樓以上
房地(土地+建物),德行東路６１巷１６之１號四樓,4.0,39.0,0,36.43,590222,0.0,,25.107734,121.52673,芝山站出口2,619,無電梯_4樓以上
房地(土地+建物),汀州路二段１２巷９號四樓,4.0,55.0,0,32.75,515347,0.0,,25.025397,121.516021,古亭站出口8,620,無電梯_4樓以上
房地(土地+建物),內湖路三段２３９號五樓,5.0,41.0,0,36.07,382589,0.0,,25.088518,121.588099,內湖站出口1,817,無電梯_4樓以上
房地(土地+建物),星雲街１５巷１８弄２１號五樓,5.0,42.0,0,30.99,661481,0.0,,25.079096,121.59106,文德站出口1,548,無電梯_4樓以上
房地(土地+建物),辛亥路五段６４號三樓,4.0,42.0,0,24.03,574341,0.0,,24.999331,121.553648,萬芳醫院站出口,412,無電梯_4樓以上
房地(土地+建物),崇實路１２９號五樓,5.0,46.0,0,34.02,632054,0.0,,25.083407,121.544715,大直站出口1,405,無電梯_4樓以上
房地(土地+建物),龍江路３５６巷６６號四樓,4.0,46.0,0,26.93,581038,0.0,,25.065896,121.538437,中山國中站出口,793,無電梯_4樓以上
房地(土地+建物),寶興街１４０巷１７弄１之２號四樓,4.0,35.0,0,42.3,496436,0.0,,25.023959,121.494411,龍山寺站出口2,1353,無電梯_4樓以上
房地(土地+建物),樂業街１０８巷１６號四樓,4.0,43.0,0,36.88,569356,0.0,,25.020686,121.55107,六張犁站出口,390,無電梯_4樓以上
房地(土地+建物),延平北路五段２４４巷２１弄１５之１號四樓,4.0,44.0,0,31.97,490222,0.0,,25.084972,121.510322,劍潭站出口2,1465,無電梯_4樓以上
房地(土地+建物),南京東路六段２００之２號四樓,4.0,43.0,0,28.5,400064,0.0,,25.060853,121.587558,昆陽站出口2,1277,無電梯_4樓以上
房地(土地+建物),萬隆街１７之３號四樓,4.0,50.0,0,32.07,611202,0.0,,25.00019,121.538368,萬隆站出口1,141,無電梯_4樓以上
房地(土地+建物),龍江路４１２巷９號四樓,4.0,40.0,0,29.72,685117,0.0,,25.067694,121.540548,中山國中站出口,838,無電梯_4樓以上
房地(土地+建物),玉成街２３５巷１６號五樓,5.0,47.0,0,18.22,859659,0.0,,25.043364,121.586031,後山埤站出口3,347,無電梯_4樓以上
房地(土地+建物),建民路１１０巷８號五樓,5.0,44.0,0,29.95,494099,0.0,,25.108939,121.517715,明德站出口3,141,無電梯_4樓以上
房地(土地+建物),銅山街３９號四樓,4.0,48.0,0,32.24,930509,0.0,,25.039448,121.529269,忠孝新生站出口5,362,無電梯_4樓以上
房地(土地+建物),長泰街１９巷３９號四樓,4.0,45.0,0,23.95,398766,0.0,,25.022296,121.500868,龍山寺站出口2,1429,無電梯_4樓以上
房地(土地+建物),內湖路二段２５３巷１０號五樓,5.0,39.0,0,36.36,550002,0.0,,25.082879,121.589421,內湖站出口1,497,無電梯_4樓以上
房地(土地+建物)+車位,南港路二段１１８巷８弄１０號四樓,4.0,34.0,0,48.06,557693,0.0,,25.053832,121.601239,南港站出口1,558,無電梯_4樓以上
房地(土地+建物),天母東路１０５巷５１號四樓,4.0,46.0,0,41.47,443183,0.0,,25.120474,121.534756,明德站出口2,1990,無電梯_4樓以上
房地(土地+建物),通化街１４０巷５號五樓之１,5.0,43.0,0,27.09,852750,0.0,,25.029053,121.553544,信義安和站出口2A,433,無電梯_4樓以上
房地(土地+建物),木新路二段１１１巷１２弄１０號四樓,4.0,39.0,0,28.11,505190,0.0,,24.983487,121.569953,木柵站出口,1670,無電梯_4樓以上
房地(土地+建物),木新路二段２１８巷１３號四樓,4.0,45.0,0,31.3,464862,0.0,,24.984018,121.56738,萬芳社區站出口,1623,無電梯_4樓以上
房地(土地+建物),研究院路二段１８２巷７９弄８號四樓,4.0,40.0,0,30.37,424132,0.0,,25.036972,121.613559,南港站出口2,1784,無電梯_4樓以上
房地(土地+建物),健康路５８巷１５號四樓,4.0,44.0,0,27.72,863964,0.0,,25.052537,121.553327,台北小巨蛋站出口4,120,無電梯_4樓以上
房地(土地+建物),信義路六段２６巷２號五樓,5.0,44.0,0,39.92,450926,0.0,,25.033765,121.575451,象山站出口3,495,無電梯_4樓以上
房地(土地+建物),龍江路３９４巷６號四樓,4.0,42.0,0,27.41,627451,0.0,,25.067123,121.540762,中山國中站出口,772,無電梯_4樓以上
房地(土地+建物),吉利街１５６號五樓,5.0,42.0,0,27.63,597105,0.0,,25.118545,121.50855,唭哩岸站出口1,291,無電梯_4樓以上
房地(土地+建物),興隆路三段２４７號四樓,4.0,,0,26.59,582999,0.0,,24.992925,121.55902,萬芳醫院站出口,730,無電梯_4樓以上
房地(土地+建物),龍江路１９６號五樓,5.0,43.0,0,25.13,755927,0.0,,25.057044,121.540496,南京復興站出口1,518,無電梯_4樓以上
房地(土地+建物),虎林街２１２巷１７號四樓,4.0,55.0,0,26.12,520657,0.0,,25.037414,121.576689,永春站出口4,365,無電梯_4樓以上
房地(土地+建物),忠孝東路五段５２４巷３弄７號五樓,5.0,45.0,0,30.36,740987,0.0,,25.040955,121.579908,永春站出口5,331,無電梯_4樓以上
房地(土地+建物),磺溪街５５巷９號四樓,4.0,42.0,0,39.1,710978,0.0,,25.107436,121.522679,芝山站出口2,401,無電梯_4樓以上
房地(土地+建物),康寧路三段９９巷２５號四樓,4.0,40.0,0,26.59,545386,0.0,,25.072248,121.610172,葫洲站出口1,214,無電梯_4樓以上
房地(土地+建物),安和路一段１４１巷５號五樓,5.0,41.0,0,44.46,897347,0.0,,25.033926,121.552988,信義安和站出口1,72,無電梯_4樓以上
房地(土地+建物),文昌路１６９巷１０號,4.0,51.0,0,29.13,617969,0.0,,25.098079,121.519649,芝山站出口1,534,無電梯_4樓以上
房地(土地+建物),遼寧街１０１巷２弄１０號四樓,4.0,31.0,0,18.76,895329,0.0,,25.05033,121.542806,南京復興站出口3,164,無電梯_4樓以上
房地(土地+建物),吳興街６００巷７６弄６２號五樓,5.0,42.0,0,11.82,634427,0.0,,25.018246,121.570186,麟光站出口,1167,無電梯_4樓以上
房地(土地+建物),大安路一段１２６巷８號五樓,5.0,47.0,0,36.63,832727,0.0,,25.03933,121.545488,忠孝復興站出口3,247,無電梯_4樓以上
房地(土地+建物),天玉街３８巷１８弄２７號四樓,4.0,48.0,0,38.04,546759,0.0,,25.120297,121.530191,石牌站出口2,1593,無電梯_4樓以上
房地(土地+建物),杭州南路二段９３巷２７之１號四樓,4.0,48.0,0,38.27,930252,0.0,,25.028559,121.52338,古亭站出口6,158,無電梯_4樓以上
房地(土地+建物),敦化南路二段１７２巷８弄１１號五樓,5.0,47.0,0,28.28,848727,0.0,,25.023466,121.547875,六張犁站出口,492,無電梯_4樓以上
房地(土地+建物),康樂街１３６巷２５號五樓,5.0,41.0,0,20.25,525944,0.0,,25.07199,121.618047,東湖站出口3,822,無電梯_4樓以上
房地(土地+建物),社正路４５巷９號五樓,5.0,44.0,0,30.68,456331,0.0,,25.089564,121.5095,劍潭站出口1,1657,無電梯_4樓以上
房地(土地+建物),林口街２４巷２號四樓,4.0,48.0,0,22.42,700323,0.0,,25.037366,121.579479,永春站出口4,472,無電梯_4樓以上
房地(土地+建物),青年路１６８巷２弄３３號五樓之１,5.0,49.0,0,17.58,495015,0.0,,25.020082,121.501654,頂溪站出口2,1535,無電梯_4樓以上
房地(土地+建物),重慶南路三段６１號四樓,4.0,51.0,0,38.25,705974,0.0,,25.026731,121.516274,古亭站出口7,558,無電梯_4樓以上
房地(土地+建物),和平西路三段３０２巷３弄２７號四樓,4.0,54.0,0,20.04,429129,0.0,,25.034989,121.492158,龍山寺站出口1,745,無電梯_4樓以上
房地(土地+建物),南京東路五段２９１巷４７弄５０號五樓,5.0,29.0,0,21.71,734774,0.0,,25.053555,121.567441,南京三民站出口4,351,無電梯_4樓以上
房地(土地+建物),康寧路三段９９巷１７弄２４之１號四樓,4.0,40.0,0,24.52,611806,0.0,,25.072668,121.609829,葫洲站出口1,178,無電梯_4樓以上
房地(土地+建物),信義路六段７６巷２弄１０３號五樓,5.0,42.0,0,29.21,731348,0.0,,25.032374,121.575646,象山站出口3,511,無電梯_4樓以上
房地(土地+建物),豐年路二段３２巷７之１號四樓,4.0,45.0,0,27.78,424696,0.0,,25.135742,121.49608,北投站出口1,432,無電梯_4樓以上
房地(土地+建物),木新路三段１７２巷２弄７號四樓,4.0,,0,27.99,528755,0.0,,24.982382,121.56085,大坪林站出口5,1779,無電梯_4樓以上
房地(土地+建物),承德路三段２９９巷５號四樓,4.0,44.0,0,32.03,537854,0.0,,25.075649,121.5207,圓山站出口2,435,無電梯_4樓以上
房地(土地+建物),和平東路一段１８３巷２３號五樓,5.0,47.0,0,16.06,946290,0.0,,25.028551,121.533099,大安森林公園站出口2,556,無電梯_4樓以上
房地(土地+建物),社中街３４６巷４弄２４號四樓,4.0,38.0,0,31.23,480260,0.0,,25.092735,121.505615,芝山站出口1,2002,無電梯_4樓以上
房地(土地+建物),長順街１０７巷１４號四樓,4.0,41.0,0,33.77,340559,0.0,,25.032751,121.489488,龍山寺站出口1,1056,無電梯_4樓以上
房地(土地+建物),五常街５３巷９號五樓,5.0,45.0,0,35.51,692695,0.0,,25.06486,121.539701,中山國中站出口,622,無電梯_4樓以上
房地(土地+建物),成功路四段２０７號五樓,5.0,45.0,0,24.83,636671,0.0,,25.084226,121.596065,內湖站出口2,160,無電梯_4樓以上
房地(土地+建物),中央北路四段４９９號四樓,4.0,49.0,0,19.4,618579,0.0,,25.12827,121.468837,關渡站出口1,355,無電梯_4樓以上
房地(土地+建物),萬青街１４９號四樓,4.0,50.0,0,9.43,646739,0.0,,25.02311,121.50161,龍山寺站出口2,1347,無電梯_4樓以上
房地(土地+建物),環山路一段１２６號四樓,4.0,47.0,0,35.43,524953,0.0,,25.086528,121.56861,西湖站出口1,506,無電梯_4樓以上
房地(土地+建物),興德路５５之５號四樓,4.0,36.0,0,51.12,396108,0.0,,25.003119,121.557126,辛亥站出口,223,無電梯_4樓以上
房地(土地+建物),和興路９號五樓,5.0,41.0,0,30.29,429152,0.0,,24.986307,121.546227,大坪林站出口5,489,無電梯_4樓以上
房地(土地+建物),和平東路三段５２５號四樓,4.0,42.0,0,42.23,530006,0.0,,25.016611,121.560471,麟光站出口,286,無電梯_4樓以上
房地(土地+建物),港墘路１巷１１號五樓,5.0,43.0,0,30.45,696302,0.0,,25.083848,121.578883,港墘站出口1,517,無電梯_4樓以上
房地(土地+建物),木柵路三段８５巷２７號四樓,4.0,48.0,0,26.28,592888,0.0,,24.989935,121.567704,萬芳社區站出口,964,無電梯_4樓以上
房地(土地+建物),中山北路六段４０５巷１８號五樓,5.0,46.0,0,39.02,627844,0.0,,25.114063,121.525902,明德站出口2,851,無電梯_4樓以上
房地(土地+建物),士東路２６６巷３弄８號五樓之１,5.0,44.0,0,13.51,710604,0.0,,25.112687,121.537023,芝山站出口2,1776,無電梯_4樓以上
房地(土地+建物),成功路四段２２３巷１５弄１號四樓,4.0,42.0,0,29.85,609640,0.0,,25.083846,121.596447,內湖站出口2,186,無電梯_4樓以上
房地(土地+建物),寶清街１０１巷７號四樓,4.0,41.0,0,20.52,749455,0.0,,25.052941,121.568088,南京三民站出口4,372,無電梯_4樓以上
房地(土地+建物),康寧路三段９９巷１０弄１１號四樓,4.0,39.0,0,29.88,595638,0.0,,25.072105,121.610731,葫洲站出口1,272,無電梯_4樓以上
房地(土地+建物),育英街２２號四樓,4.0,46.0,0,39.38,558711,0.0,,24.991405,121.53867,景美站出口1,219,無電梯_4樓以上
房地(土地+建物),泰順街１４號四樓,4.0,41.0,0,24.75,913112,0.0,,25.02553,121.531454,台電大樓站出口3,605,無電梯_4樓以上
房地(土地+建物),北安路５４２號四樓,4.0,46.0,0,21.33,803946,0.0,,25.080019,121.547797,大直站出口1,96,無電梯_4樓以上
房地(土地+建物),內湖路一段３２３巷１５弄２０號四樓,4.0,47.0,0,27.96,625826,0.0,,25.083925,121.569115,西湖站出口2,290,無電梯_4樓以上
房地(土地+建物),健康路３２５巷１８弄２０號四樓,4.0,38.0,0,40.78,779737,0.0,,25.055989,121.568241,南京三民站出口4,605,無電梯_4樓以上
房地(土地+建物),康寧路一段１５６巷１０弄１９號四樓,4.0,47.0,0,23.98,596276,0.0,,25.078251,121.594352,內湖站出口2,599,無電梯_4樓以上
房地(土地+建物),內湖路一段４１１巷９弄２０號四樓,4.0,46.0,0,21.84,572411,0.0,,25.082008,121.571723,港墘站出口2,370,無電梯_4樓以上
房地(土地+建物),尊賢街２１８巷２３弄８號四樓,4.0,50.0,0,29.69,426401,0.0,,25.116066,121.508625,唭哩岸站出口1,544,無電梯_4樓以上
房地(土地+建物),興隆路一段５５巷２７弄２號四樓,4.0,50.0,0,26.53,622027,0.0,,25.004388,121.541846,萬隆站出口3,360,無電梯_4樓以上
房地(土地+建物),寶興街１５３號五樓,5.0,46.0,0,23.7,534934,0.0,,25.02427,121.495236,龍山寺站出口2,1290,無電梯_4樓以上
房地(土地+建物),內湖路三段５９巷７弄４號四樓,4.0,45.0,0,24.29,617520,0.0,,25.085805,121.591817,內湖站出口1,337,無電梯_4樓以上
房地(土地+建物),港華街６０號五樓,5.0,35.0,0,34.23,649998,0.0,,25.083177,121.574191,港墘站出口2,350,無電梯_4樓以上
房地(土地+建物),成功路三段１８７巷３１號四樓,4.0,44.0,0,31.22,589404,0.0,,25.079548,121.591993,內湖站出口1,520,無電梯_4樓以上
房地(土地+建物),東明街１巷６號四樓之１,4.0,48.0,0,25.23,792565,0.0,,25.056305,121.60499,南港站出口1,508,無電梯_4樓以上
房地(土地+建物),裕民六路１１４巷３６弄２號四樓之２,4.0,48.0,0,18.83,614957,0.0,,25.114201,121.518626,石牌站出口2,251,無電梯_4樓以上
房地(土地+建物),辛亥路七段６９巷２４號五樓,5.0,46.0,0,35.1,393207,0.0,,24.982328,121.554623,大坪林站出口5,1152,無電梯_4樓以上
房地(土地+建物),安和路一段１２７巷１２號四樓,4.0,49.0,0,45.01,870939,0.0,,25.034572,121.553207,信義安和站出口5,142,無電梯_4樓以上
房地(土地+建物),忠孝東路二段１２１巷２２號五樓,5.0,36.0,0,37.41,820165,0.0,,25.043403,121.532198,忠孝新生站出口1,78,無電梯_4樓以上
房地(土地+建物),和平東路三段２２８巷１８號四樓之１,4.0,51.0,0,14.4,687404,0.0,,25.021951,121.554149,六張犁站出口,255,無電梯_4樓以上
房地(土地+建物),和平東路三段３９１巷８弄６２號四樓,4.0,48.0,0,21.8,734008,0.0,,25.021137,121.557985,麟光站出口,294,無電梯_4樓以上
房地(土地+建物),吉林路４５６巷３５號四樓,4.0,56.0,0,23.14,812616,0.0,,25.067077,121.528691,中山國小站出口4,507,無電梯_4樓以上
房地(土地+建物),延平北路四段２８２巷１５號五樓,5.0,43.0,0,28.21,483800,0.0,,25.077063,121.511356,圓山站出口2,1060,無電梯_4樓以上
房地(土地+建物),保儀路１５３之１號四樓,4.0,46.0,0,27.83,485141,0.0,,24.984295,121.566516,萬芳社區站出口,1600,無電梯_4樓以上
房地(土地+建物),吳興街２８４巷２０弄５３號四樓,4.0,52.0,0,26.77,619462,0.0,,25.02447,121.562283,麟光站出口,755,無電梯_4樓以上
房地(土地+建物),和平東路三段４０１號四樓,4.0,52.0,0,18.69,775881,0.0,,25.019652,121.557831,麟光站出口,145,無電梯_4樓以上
房地(土地+建物),辛亥路四段２２２巷１９弄１２號三樓,4.0,36.0,0,39.02,474160,0.0,,25.002104,121.554076,辛亥站出口,448,無電梯_4樓以上
房地(土地+建物),新生南路一段１６１巷１號四樓,4.0,52.0,0,33.24,917690,0.0,,25.034721,121.533168,大安森林公園站出口1,172,無電梯_4樓以上
房地(土地+建物),承德路七段３４２巷１４號四樓,4.0,48.0,0,28.37,549907,0.0,,25.117531,121.504905,唭哩岸站出口2,383,無電梯_4樓以上
房地(土地+建物),和平東路二段９６巷１５弄９號四樓,4.0,45.0,0,30.62,891603,0.0,,25.023499,121.541889,科技大樓站出口,344,無電梯_4樓以上
房地(土地+建物),吳興街２６９巷８號四樓,4.0,52.0,0,25.41,653287,0.0,,25.026965,121.564312,台北101/世貿站出口3,646,無電梯_4樓以上
房地(土地+建物),康寧路一段１５６巷３２弄１６號四樓,4.0,47.0,0,25.71,536705,0.0,,25.077817,121.59416,內湖站出口2,649,無電梯_4樓以上
房地(土地+建物),承德路四段１２巷７２號四樓,4.0,54.0,0,23.85,503164,0.0,,25.080955,121.519223,劍潭站出口2,613,無電梯_4樓以上
房地(土地+建物),南京東路五段１２３巷６弄１９號四樓,4.0,57.0,0,41.25,747227,0.0,,25.053076,121.561688,南京三民站出口1,221,無電梯_4樓以上
房地(土地+建物),內湖路三段８９巷５號四樓,4.0,47.0,0,25.17,587908,0.0,,25.085774,121.590988,內湖站出口1,400,無電梯_4樓以上
房地(土地+建物),福德街３１０巷１８弄１號四樓,4.0,47.0,0,25.59,875395,0.0,,25.040025,121.587471,後山埤站出口2,698,無電梯_4樓以上
房地(土地+建物),指南路三段３１之１號四樓,4.0,42.0,0,30.31,593854,0.0,,24.984648,121.580437,動物園站出口2,1486,無電梯_4樓以上
房地(土地+建物),德昌街１８５巷１２弄６號四樓,4.0,45.0,0,46.27,414493,0.0,,25.02315,121.494099,龍山寺站出口2,1448,無電梯_4樓以上
房地(土地+建物),大湖山莊街１５１巷１２號四樓,4.0,37.0,0,40.04,524451,0.0,,25.086945,121.602224,大湖公園站出口1,340,無電梯_4樓以上
房地(土地+建物),興隆路四段１６５巷５１號五樓,5.0,31.0,0,22.63,455087,0.0,,24.98449,121.564228,萬芳社區站出口,1623,無電梯_4樓以上
房地(土地+建物),復興北路５１４巷３４號四樓,4.0,48.0,0,27.1,619905,0.0,,25.065888,121.542694,中山國中站出口,578,無電梯_4樓以上
房地(土地+建物),承德路七段３４４巷１５號四樓,4.0,45.0,0,23.27,588632,0.0,,25.11796,121.504579,唭哩岸站出口2,348,無電梯_4樓以上
房地(土地+建物),敦煌路２４巷２弄２５號四樓,4.0,51.0,0,21.07,650148,0.0,,25.075285,121.518402,圓山站出口2,426,無電梯_4樓以上
房地(土地+建物),興隆路三段２２１巷８弄８號五樓,5.0,45.0,0,26.41,406977,0.0,,24.993814,121.561013,萬芳醫院站出口,702,無電梯_4樓以上
房地(土地+建物),中央北路三段１４８巷４弄６號五樓,5.0,39.0,0,25.44,376732,0.0,,25.137778,121.482918,復興崗站出口2,228,無電梯_4樓以上
房地(土地+建物),內湖路三段１８７巷９號四樓,4.0,46.0,0,25.14,536912,0.0,,25.08787,121.588908,內湖站出口1,708,無電梯_4樓以上
房地(土地+建物),吳興街１５６巷２２弄２５號四樓,4.0,50.0,0,37.01,594469,0.0,,25.028639,121.560009,台北101/世貿站出口2,506,無電梯_4樓以上
建物,復興南路二段１２５巷２０弄４之７號四樓,4.0,50.0,0,30.28,294222,0.0,,25.028856,121.544547,科技大樓站出口,314,無電梯_4樓以上
房地(土地+建物),臨沂街３巷２１號五樓,5.0,37.0,0,19.55,910320,0.0,,25.043299,121.531832,忠孝新生站出口1,57,無電梯_4樓以上
房地(土地+建物),莊敬路４２３巷６弄１０號四樓,4.0,49.0,0,31.99,677165,0.0,,25.028105,121.567484,象山站出口2,535,無電梯_4樓以上
房地(土地+建物),吳興街３９４巷１７號四樓,4.0,47.0,0,17.7,734620,0.0,,25.024441,121.566448,象山站出口2,949,無電梯_4樓以上
房地(土地+建物),研究院路二段６１巷２弄３７號四樓,4.0,46.0,0,38.15,576744,0.0,,25.043751,121.618474,南港展覽館站出口7,1144,無電梯_4樓以上
房地(土地+建物),士東路２６６巷３弄７號四樓,4.0,45.0,0,27.99,660944,0.0,,25.112801,121.536929,芝山站出口2,1775,無電梯_4樓以上
房地(土地+建物),富民路１４５巷１６號四樓,4.0,50.0,0,21.42,406105,0.0,,25.018428,121.500377,頂溪站出口2,1589,無電梯_4樓以上
房地(土地+建物),內湖路三段３２３號四樓,4.0,46.0,0,20.54,438175,0.0,,25.088868,121.585409,內湖站出口1,1058,無電梯_4樓以上
房地(土地+建物),環山路二段１９號五樓,5.0,44.0,0,29.6,570278,0.0,,25.08614,121.571374,西湖站出口2,626,無電梯_4樓以上
房地(土地+建物),松仁路２３５號四樓,4.0,53.0,0,26.26,782650,0.0,,25.02602,121.568854,象山站出口2,715,無電梯_4樓以上
房地(土地+建物),承德路七段２３２巷１４號四樓,4.0,51.0,0,31.74,534320,0.0,,25.115641,121.507141,唭哩岸站出口1,564,無電梯_4樓以上
房地(土地+建物),樂業街１６９巷３１號四樓,4.0,48.0,0,16.2,401188,0.0,,25.01995,121.555355,麟光站出口,362,無電梯_4樓以上
房地(土地+建物),溪口街１０７巷２之３號四樓,4.0,43.0,0,18.28,607119,0.0,,24.996154,121.537523,景美站出口3,486,無電梯_4樓以上
房地(土地+建物)+車位,忠順街一段４１巷３弄１０號四樓,4.0,35.0,0,62.28,289024,0.0,,24.984328,121.558156,大坪林站出口5,1515,無電梯_4樓以上
房地(土地+建物),仙岩路１６巷２６弄４號四樓,4.0,48.0,0,37.81,478678,0.0,,24.998174,121.548692,景美站出口2,919,無電梯_4樓以上
房地(土地+建物),青年路１７８巷７０號四樓之２,4.0,50.0,0,11.32,592055,0.0,,25.019911,121.502175,頂溪站出口2,1479,無電梯_4樓以上
房地(土地+建物),吳興街６００巷１００弄８號四樓,4.0,48.0,0,22.73,381826,0.0,,25.017834,121.57191,麟光站出口,1343,無電梯_4樓以上
房地(土地+建物),德行東路１７號四樓,4.0,41.0,0,18.1,779198,0.0,,25.106866,121.525764,芝山站出口2,482,無電梯_4樓以上
房地(土地+建物),光輝路８７巷２弄１號五樓,5.0,43.0,0,34.9,402873,0.0,,24.985651,121.557381,大坪林站出口5,1462,無電梯_4樓以上
房地(土地+建物),興義街８３號四樓,4.0,55.0,0,24.39,504231,0.0,,25.025883,121.490937,龍山寺站出口2,1360,無電梯_4樓以上
房地(土地+建物),尊賢街２３９巷１０號四樓,4.0,52.0,0,29.0,558550,0.0,,25.11614,121.507249,唭哩岸站出口1,509,無電梯_4樓以上
房地(土地+建物),安居街８巷６弄４號五樓,5.0,43.0,0,29.86,653120,0.0,,25.021374,121.554609,六張犁站出口,334,無電梯_4樓以上
房地(土地+建物),興隆路三段２２１巷４弄７號五樓,5.0,45.0,0,26.86,400239,0.0,,24.993895,121.560372,萬芳醫院站出口,666,無電梯_4樓以上
房地(土地+建物),興隆路一段２１２之１號四樓,4.0,50.0,0,33.22,556885,0.0,,24.999865,121.543618,萬隆站出口2,448,無電梯_4樓以上
房地(土地+建物),民權東路六段９０巷１５弄１４號五樓,5.0,41.0,0,31.33,640984,0.0,,25.068118,121.586624,文德站出口2,1156,無電梯_4樓以上
房地(土地+建物),自強街４６巷１４號四樓,4.0,53.0,0,26.77,578980,0.0,,25.109794,121.513939,明德站出口3,463,無電梯_4樓以上
房地(土地+建物),前港街１０２號五樓,5.0,40.0,0,8.62,522150,0.0,,25.085084,121.518776,劍潭站出口3,629,無電梯_4樓以上
房地(土地+建物),天母西路５０巷１５之１號四樓,4.0,38.0,0,34.18,689950,0.0,,25.117804,121.525702,石牌站出口2,1064,無電梯_4樓以上
房地(土地+建物),景福街２３０巷１２號四樓,4.0,33.0,0,37.28,670600,0.0,,24.993143,121.538775,景美站出口3,184,無電梯_4樓以上
房地(土地+建物),內湖路三段３２９巷３０號四樓,4.0,44.0,0,40.01,429908,0.0,,25.088747,121.583861,文德站出口1,1135,無電梯_4樓以上
房地(土地+建物),成功路四段１６７巷２１號五樓,5.0,45.0,0,34.19,543946,0.0,,25.082832,121.594979,內湖站出口2,97,無電梯_4樓以上
房地(土地+建物),民權東路六段９０巷５弄３號四樓,4.0,43.0,0,31.31,541278,0.0,,25.0685,121.586275,文德站出口2,1109,無電梯_4樓以上
房地(土地+建物),重陽路１６２號四樓,4.0,40.0,0,33.48,627171,0.0,,25.057108,121.600747,南港站出口1,808,無電梯_4樓以上
房地(土地+建物),龍江路３７０巷２４號五樓,5.0,47.0,0,33.78,666072,0.0,,25.066362,121.539942,中山國中站出口,738,無電梯_4樓以上
房地(土地+建物),寶興街８０巷２５號四樓,4.0,48.0,0,26.21,516947,0.0,,25.02557,121.493855,龍山寺站出口2,1218,無電梯_4樓以上
房地(土地+建物),江南街６５巷１３號五樓,5.0,44.0,0,30.96,542674,0.0,,25.07723,121.577819,港墘站出口1,381,無電梯_4樓以上
房地(土地+建物),溫泉路６８之９號四樓,4.0,52.0,0,23.96,379784,0.0,,25.134944,121.504607,新北投站出口1,250,無電梯_4樓以上
房地(土地+建物),東湖路１１３巷４９弄４５號四樓,4.0,40.0,0,38.03,512791,0.0,,25.069429,121.614962,東湖站出口3,400,無電梯_4樓以上
房地(土地+建物),石仙路４２之１號四樓,4.0,42.0,0,25.48,297494,0.0,,25.143423,121.488973,復興崗站出口1,734,無電梯_4樓以上
房地(土地+建物),東山路１３０巷６號五樓,5.0,40.0,0,35.98,500288,0.0,,25.11246,121.539086,芝山站出口2,1940,無電梯_4樓以上
房地(土地+建物),萬隆街１７之１號四樓,4.0,50.0,0,32.26,542543,0.0,,25.00019,121.538368,萬隆站出口1,141,無電梯_4樓以上
房地(土地+建物),懷德街１１巷１６號四樓,4.0,47.0,0,29.52,711287,0.0,,25.111953,121.518674,明德站出口2,216,無電梯_4樓以上
房地(土地+建物),忠孝東路六段３９４號四樓,4.0,48.0,0,11.47,654008,0.0,,25.049896,121.59242,昆陽站出口1,56,無電梯_4樓以上
房地(土地+建物),成功路三段１７４巷２６弄１１號五樓,5.0,40.0,0,31.2,512774,0.0,,25.081462,121.5898,內湖站出口1,516,無電梯_4樓以上
房地(土地+建物),景華街１３巷１１號四樓,4.0,39.0,0,33.09,604404,0.0,,24.995582,121.542104,景美站出口2,286,無電梯_4樓以上
房地(土地+建物),民生東路二段１４７巷１１弄１８號四樓,4.0,57.0,0,26.81,764711,0.0,,25.059851,121.535669,行天宮站出口3,229,無電梯_4樓以上
房地(土地+建物),八德路四段３８９巷８號四樓,4.0,54.0,0,20.24,884244,0.0,,25.049733,121.568599,南京三民站出口3,441,無電梯_4樓以上
房地(土地+建物),延平北路五段１６３巷３５弄２２號五樓,5.0,42.0,0,10.33,677614,0.0,,25.081969,121.508821,圓山站出口2,1605,無電梯_4樓以上
房地(土地+建物),尊賢街２２４巷４號五樓,5.0,48.0,0,27.4,583868,0.0,,25.115937,121.508043,唭哩岸站出口1,543,無電梯_4樓以上
房地(土地+建物),康樂街１１５號四樓,4.0,40.0,0,24.14,517824,0.0,,25.070806,121.619205,東湖站出口3,840,無電梯_4樓以上
房地(土地+建物),復興北路５１４巷１１號五樓,5.0,45.0,0,37.13,548047,0.0,,25.066064,121.543473,中山國中站出口,585,無電梯_4樓以上
房地(土地+建物),萬大路４２３巷６３弄６號五樓,5.0,40.0,0,26.58,585455,0.0,,25.021938,121.50104,龍山寺站出口2,1470,無電梯_4樓以上
房地(土地+建物),木柵路一段３７８巷１９號四樓,4.0,48.0,0,28.01,410591,0.0,,24.987776,121.557848,萬芳醫院站出口,1291,無電梯_4樓以上
房地(土地+建物),萬大路４８６巷２６號四樓,4.0,56.0,0,17.68,639319,0.0,,25.020162,121.496599,龍山寺站出口2,1693,無電梯_4樓以上
房地(土地+建物),福德街２３２巷１號五樓,5.0,45.0,0,22.51,715174,0.0,,25.038663,121.584687,後山埤站出口2,629,無電梯_4樓以上
房地(土地+建物),重陽路１６６巷１６弄１９號四樓,4.0,53.0,0,19.98,632725,0.0,,25.056204,121.600431,南港站出口1,764,無電梯_4樓以上
房地(土地+建物),中央北路三段２２０巷４號四樓,4.0,45.0,0,36.71,323061,0.0,,25.136613,121.480537,復興崗站出口2,469,無電梯_4樓以上
房地(土地+建物),吳興街４３２巷１２６之１號四樓,4.0,36.0,0,33.44,543590,0.0,,25.022734,121.567701,麟光站出口,1028,無電梯_4樓以上
房地(土地+建物),松德路３０７巷１２號五樓,5.0,47.0,0,29.64,585657,0.0,,25.030811,121.574948,象山站出口3,498,無電梯_4樓以上
房地(土地+建物),文林路５９４巷２８號四樓,4.0,40.0,0,26.1,662844,0.0,,25.098945,121.524635,芝山站出口1,399,無電梯_4樓以上
房地(土地+建物),和平東路三段３９１巷２０弄３２號四樓,4.0,44.0,0,13.6,850165,0.0,,25.021053,121.558732,麟光站出口,278,無電梯_4樓以上
房地(土地+建物),吳興街２８４巷２１弄５號四樓,4.0,39.0,0,31.74,567031,0.0,,25.023396,121.563645,麟光站出口,740,無電梯_4樓以上
房地(土地+建物),溪口街２３巷２號五樓,5.0,43.0,0,38.74,464659,0.0,,24.994347,121.540346,景美站出口3,179,無電梯_4樓以上
房地(土地+建物),通化街３９巷２３號五樓之１,5.0,39.0,0,27.31,666505,0.0,,25.030957,121.554854,信義安和站出口4,272,無電梯_4樓以上
房地(土地+建物),師大路８０巷２號四樓,4.0,49.0,0,31.78,881041,0.0,,25.023239,121.52815,台電大樓站出口3,231,無電梯_4樓以上
房地(土地+建物),士商路５２號五樓,5.0,39.0,0,34.15,594503,0.0,,25.090403,121.520133,士林站出口2,691,無電梯_4樓以上
房地(土地+建物),承德路四段８０巷４０號四樓,4.0,46.0,0,28.5,652736,0.0,,25.083281,121.522199,劍潭站出口2,257,無電梯_4樓以上
房地(土地+建物),陽光街２８５巷１號五樓,5.0,35.0,0,37.87,613367,0.0,,25.073986,121.58021,文德站出口2,657,無電梯_4樓以上
房地(土地+建物),內湖路三段１９１巷３２號五樓,5.0,46.0,0,20.62,590735,0.0,,25.08744,121.588148,內湖站出口1,741,無電梯_4樓以上
房地(土地+建物),永吉路２００巷３９號五樓,5.0,46.0,0,18.98,711206,0.0,,25.044323,121.572708,永春站出口1,443,無電梯_4樓以上
房地(土地+建物),和平東路三段２２８巷１５號四樓,4.0,46.0,0,32.17,568838,0.0,,25.021585,121.554223,六張犁站出口,293,無電梯_4樓以上
房地(土地+建物),明德路１１５號五樓,5.0,36.0,0,40.78,622318,0.0,,25.109846,121.519856,明德站出口1,93,無電梯_4樓以上
房地(土地+建物),大度路三段３０１巷２８弄２０號四樓,4.0,38.0,0,25.53,332929,0.0,,25.122259,121.465295,關渡站出口2,390,無電梯_4樓以上
房地(土地+建物),興隆路三段１８５巷１１弄１號五樓,5.0,42.0,0,33.51,408785,0.0,,24.995512,121.562315,萬芳醫院站出口,631,無電梯_4樓以上
房地(土地+建物),龍江路４４３巷２號五樓,5.0,42.0,0,12.91,859552,0.0,,25.067163,121.541142,中山國中站出口,760,無電梯_4樓以上
房地(土地+建物),吳興街３３６巷３１號五樓,5.0,47.0,0,21.86,576432,0.0,,25.025374,121.565243,台北101/世貿站出口3,835,無電梯_4樓以上
房地(土地+建物),建國北路一段１３８巷２９號五樓,5.0,44.0,0,20.62,897390,0.0,,25.051062,121.53519,松江南京站出口5,144,無電梯_4樓以上
房地(土地+建物),吉林路１６１巷２４號五樓之１,5.0,41.0,0,15.88,805830,0.0,,25.058872,121.53198,行天宮站出口1,137,無電梯_4樓以上
房地(土地+建物),吳興街６００巷１００弄６號四樓,4.0,48.0,0,28.27,504039,0.0,,25.017867,121.571832,麟光站出口,1335,無電梯_4樓以上
房地(土地+建物),天母北路８７巷１７號五樓,5.0,43.0,0,33.43,523494,0.0,,25.122483,121.52812,石牌站出口1,1542,無電梯_4樓以上
房地(土地+建物),內湖路二段２５３巷１弄８號五樓,5.0,39.0,0,27.04,606567,0.0,,25.082494,121.589983,內湖站出口1,453,無電梯_4樓以上
房地(土地+建物),忠孝東路五段７９０巷２５弄１號四樓,4.0,54.0,0,22.48,862264,0.0,,25.042474,121.582777,後山埤站出口2,165,無電梯_4樓以上
房地(土地+建物),後港街２０巷５號四樓,4.0,45.0,0,25.26,629410,0.0,,25.082859,121.522524,劍潭站出口2,229,無電梯_4樓以上
房地(土地+建物),泰順街５４巷６號四樓,4.0,45.0,0,38.22,837240,0.0,,25.022625,121.530793,台電大樓站出口2,320,無電梯_4樓以上
房地(土地+建物),興隆路二段３號四樓,4.0,53.0,0,21.79,587451,0.0,,24.998862,121.545219,萬隆站出口2,642,無電梯_4樓以上
建物,汀州路一段２０６巷４號四樓,4.0,,0,29.77,295640,0.0,,25.027869,121.509184,小南門站出口3,847,無電梯_4樓以上
房地(土地+建物),西園路二段３７２巷１０１弄２號四樓,4.0,54.0,0,9.66,445050,0.0,,25.026953,121.490297,龍山寺站出口2,1319,無電梯_4樓以上
房地(土地+建物),光復南路６６巷９１號四樓,4.0,49.0,0,22.0,772806,0.0,,25.044968,121.554897,國父紀念館站出口1,391,無電梯_4樓以上
房地(土地+建物),八德路四段１０６巷４弄１號四樓,4.0,55.0,0,26.06,767361,0.0,,25.047492,121.560984,南京三民站出口2,464,無電梯_4樓以上
房地(土地+建物),莊敬路４２３巷６弄５號四樓,4.0,49.0,0,32.38,667150,0.0,,25.028251,121.567284,象山站出口2,530,無電梯_4樓以上
房地(土地+建物),內湖路三段３４３巷３弄３號四樓,4.0,45.0,0,24.8,524089,0.0,,25.088751,121.58412,文德站出口1,1131,無電梯_4樓以上
房地(土地+建物),復興南路二段３５０之３號,4.0,54.0,0,26.73,935424,0.0,,25.022292,121.543203,科技大樓站出口,432,無電梯_4樓以上
房地(土地+建物),木新路二段１６１巷６弄１號五樓,5.0,41.0,0,43.65,413768,0.0,,24.98344,121.568946,萬芳社區站出口,1684,無電梯_4樓以上
房地(土地+建物),通河東街一段１３６巷１５號五樓之１,5.0,45.0,0,34.43,435660,0.0,,25.087379,121.516799,劍潭站出口1,883,無電梯_4樓以上
房地(土地+建物),興隆路一段５５巷１８號四樓,4.0,53.0,0,28.41,531489,0.0,,25.004097,121.541533,萬隆站出口3,315,無電梯_4樓以上
房地(土地+建物),成功路二段３２０巷３４號四樓,4.0,44.0,0,34.12,512912,0.0,,25.06754,121.589003,文德站出口2,1282,無電梯_4樓以上
房地(土地+建物)+車位,內湖路三段２５８號四樓,4.0,19.0,0,45.61,519578,0.0,,25.088967,121.587697,內湖站出口1,880,無電梯_4樓以上
房地(土地+建物),泰順街５０巷２６之１號五樓,5.0,47.0,0,26.86,774329,0.0,,25.023258,121.529716,台電大樓站出口3,298,無電梯_4樓以上
房地(土地+建物),安康路３１５巷６號四樓,4.0,44.0,0,39.81,527520,0.0,,25.066754,121.614283,東湖站出口3,236,無電梯_4樓以上
房地(土地+建物),懷德街１４巷９號四樓,4.0,48.0,0,30.93,610339,0.0,,25.111562,121.519918,明德站出口2,210,無電梯_4樓以上
房地(土地+建物),安居街１１８巷１１號四樓,4.0,50.0,0,7.19,556062,0.0,,25.018831,121.551909,六張犁站出口,565,無電梯_4樓以上
房地(土地+建物),吳興街６００巷７６弄７２號五樓,5.0,37.0,0,27.9,573486,0.0,,25.01858,121.57025,麟光站出口,1173,無電梯_4樓以上
房地(土地+建物),磺溪街２１巷１８號五樓,5.0,36.0,0,41.95,581594,0.0,,25.106264,121.522417,芝山站出口2,270,無電梯_4樓以上
房地(土地+建物),士東路８９巷１７號五樓,5.0,47.0,0,31.7,697051,0.0,,25.113074,121.528433,明德站出口1,1024,無電梯_4樓以上
房地(土地+建物),復興南路二段１２５巷２０弄２號五樓,5.0,49.0,0,28.5,871791,0.0,,25.028906,121.544544,科技大樓站出口,319,無電梯_4樓以上
房地(土地+建物),金龍路２０１號四樓,4.0,41.0,0,26.58,583131,0.0,,25.087308,121.587998,內湖站出口1,745,無電梯_4樓以上
房地(土地+建物),吳興街５００巷１１號五樓,5.0,36.0,0,28.14,599890,0.0,,25.023082,121.568997,象山站出口2,1038,無電梯_4樓以上
房地(土地+建物),福興路６３巷９號四樓之２,4.0,31.0,0,11.08,523296,0.0,,25.003431,121.549739,辛亥站出口,757,無電梯_4樓以上
房地(土地+建物),福港街２１０巷１７弄６之１號四樓,4.0,47.0,0,39.97,512855,0.0,,25.08577,121.516865,劍潭站出口3,832,無電梯_4樓以上
房地(土地+建物),景華街８２巷７弄１２號四樓,4.0,43.0,0,32.28,553856,0.0,,24.994654,121.545828,景美站出口2,469,無電梯_4樓以上
房地(土地+建物),內湖路一段７３７巷１９弄１０號四樓,4.0,44.0,0,36.94,638800,0.0,,25.079292,121.579073,港墘站出口1,343,無電梯_4樓以上
房地(土地+建物),信義路六段１２巷６號五樓,5.0,44.0,0,34.19,658058,0.0,,25.03339,121.574978,象山站出口3,441,無電梯_4樓以上
房地(土地+建物),西園路二段３７２巷２７號四樓,4.0,49.0,0,15.33,417381,0.0,,25.026448,121.490514,龍山寺站出口2,1343,無電梯_4樓以上
房地(土地+建物),永興路一段３７號四樓,4.0,47.0,0,23.46,369914,0.0,,25.139329,121.500179,新北投站出口2,360,無電梯_4樓以上
房地(土地+建物),忠孝東路四段２１６巷１９弄１８號四樓,4.0,42.0,0,39.39,863064,0.0,,25.040243,121.553996,忠孝敦化站出口3,272,無電梯_4樓以上
房地(土地+建物),虎林街１２１號四樓,4.0,53.0,0,19.99,844329,0.0,,25.040177,121.576902,永春站出口4,67,無電梯_4樓以上
房地(土地+建物),陽光街６８巷６９號四樓,4.0,42.0,0,27.33,695186,0.0,,25.076577,121.585428,文德站出口2,214,無電梯_4樓以上
房地(土地+建物),吳興街６００巷１００弄８１號四樓,4.0,41.0,0,27.62,501733,0.0,,25.017441,121.572662,麟光站出口,1422,無電梯_4樓以上
房地(土地+建物),吳興街３６８巷５號四樓,4.0,50.0,0,23.5,595638,0.0,,25.024957,121.566584,象山站出口2,891,無電梯_4樓以上
房地(土地+建物),延壽街４０８號四樓,4.0,47.0,0,30.18,861487,0.0,,25.056268,121.556945,台北小巨蛋站出口4,666,無電梯_4樓以上
房地(土地+建物),立農街一段１９３號四樓,4.0,44.0,0,30.73,595433,0.0,,25.119985,121.504064,唭哩岸站出口2,208,無電梯_4樓以上
房地(土地+建物),吳興街２８４巷２８弄１５號五樓,5.0,45.0,0,28.38,574277,0.0,,25.023095,121.562464,麟光站出口,637,無電梯_4樓以上
房地(土地+建物),吳興街２８４巷１７之４號五樓,5.0,42.0,0,30.8,506485,0.0,,25.023775,121.563493,麟光站出口,761,無電梯_4樓以上
房地(土地+建物),致遠二路６１巷４之１號四樓,4.0,48.0,0,29.3,549543,0.0,,25.11497,121.511602,石牌站出口1,368,無電梯_4樓以上
房地(土地+建物),辛亥路五段１２４巷１０號五樓,5.0,41.0,0,29.87,485358,0.0,,24.997145,121.551469,萬芳醫院站出口,679,無電梯_4樓以上
房地(土地+建物),環山路一段１３６巷６號四樓,4.0,48.0,0,27.46,509872,0.0,,25.086812,121.56882,西湖站出口1,543,無電梯_4樓以上
房地(土地+建物),成福路１７１巷４０弄１４號五樓,5.0,42.0,0,33.53,442860,0.0,,25.041095,121.589566,後山埤站出口3,783,無電梯_4樓以上
房地(土地+建物),虎林街２４２巷１３號四樓,4.0,53.0,0,30.73,799767,0.0,,25.036108,121.577248,永春站出口4,515,無電梯_4樓以上
房地(土地+建物),興隆路三段１１２巷２弄２３號四樓,4.0,45.0,0,30.63,571428,0.0,,24.999327,121.556373,萬芳醫院站出口,138,無電梯_4樓以上
房地(土地+建物),龍江路３９４巷１１號五樓,5.0,42.0,0,26.02,711047,0.0,,25.067285,121.540492,中山國中站出口,799,無電梯_4樓以上
房地(土地+建物),福港街２４４巷２３號四樓,4.0,44.0,0,36.39,467191,0.0,,25.084328,121.516609,劍潭站出口2,828,無電梯_4樓以上
房地(土地+建物),大湖山莊街２１９巷３１弄４７號四樓,4.0,37.0,0,59.54,463187,0.0,,25.088602,121.601087,大湖公園站出口1,539,無電梯_4樓以上
房地(土地+建物),大湖山莊街１５８號四樓,4.0,37.0,0,36.38,568969,0.0,,25.086546,121.601436,大湖公園站出口1,310,無電梯_4樓以上
房地(土地+建物),富陽街１５１巷１２號五樓,5.0,42.0,0,21.54,673230,0.0,,25.018058,121.557425,麟光站出口,131,無電梯_4樓以上
房地(土地+建物),伊通街１９巷９號四樓,4.0,49.0,0,33.33,757521,0.0,,25.048986,121.535399,松江南京站出口3,346,無電梯_4樓以上
房地(土地+建物),德行東路９１號四樓,4.0,49.0,0,22.5,784553,0.0,,25.107578,121.527774,芝山站出口2,688,無電梯_4樓以上
房地(土地+建物),羅斯福路二段３０巷１２號四樓,4.0,41.0,0,29.38,884993,0.0,,25.027994,121.520782,古亭站出口7,98,無電梯_4樓以上
房地(土地+建物),合江街３６巷１５號四樓,4.0,54.0,0,19.19,833743,0.0,,25.05552,121.538528,南京復興站出口1,484,無電梯_4樓以上
房地(土地+建物),萬青街１７３號四樓,4.0,50.0,0,9.43,708232,0.0,,25.022661,121.501638,龍山寺站出口2,1397,無電梯_4樓以上
房地(土地+建物),內湖路三段１７９號四樓,4.0,43.0,0,22.61,592768,0.0,,25.087843,121.589415,內湖站出口1,668,無電梯_4樓以上
房地(土地+建物),康寧路三段１６５巷２３弄１３號五樓,5.0,40.0,0,33.08,589402,0.0,,25.071749,121.611792,葫洲站出口1,384,無電梯_4樓以上
房地(土地+建物),建民路１６２巷１５號五樓,5.0,45.0,0,22.31,586301,0.0,,25.111228,121.520418,明德站出口2,218,無電梯_4樓以上
房地(土地+建物),和平東路三段３０８巷１弄８號四樓,4.0,52.0,0,14.35,752424,0.0,,25.019986,121.556355,麟光站出口,277,無電梯_4樓以上
房地(土地+建物),龍江路３９４巷５號五樓,5.0,42.0,0,22.48,765270,0.0,,25.067282,121.540729,中山國中站出口,789,無電梯_4樓以上
房地(土地+建物),光復南路４１９巷１１７號五樓,5.0,45.0,0,28.54,798771,0.0,,25.036528,121.559921,台北101/世貿站出口1,419,無電梯_4樓以上
房地(土地+建物),中和街４９３巷３弄１８號四樓,4.0,45.0,0,35.64,367279,0.0,,25.14436,121.495821,新北投站出口2,1071,無電梯_4樓以上
房地(土地+建物),東園街６６巷５３弄２７號四樓,4.0,46.0,0,23.07,470336,0.0,,25.025729,121.495075,龍山寺站出口2,1146,無電梯_4樓以上
房地(土地+建物),公路３３３號四樓,4.0,45.0,0,36.82,638236,0.0,,25.132303,121.502681,北投站出口2,379,無電梯_4樓以上
房地(土地+建物),忠孝東路五段７４３巷２１弄８號五樓,5.0,46.0,0,28.11,800563,0.0,,25.043918,121.580551,後山埤站出口1,103,無電梯_4樓以上
房地(土地+建物),西園路二段３２０巷３６弄４７號五樓,5.0,53.0,0,12.98,528495,0.0,,25.027218,121.490873,龍山寺站出口2,1256,無電梯_4樓以上
房地(土地+建物),南港路一段１３７巷４號四樓,4.0,47.0,0,31.12,623431,0.0,,25.054891,121.613659,南港展覽館站出口5,323,無電梯_4樓以上
房地(土地+建物),研究院路二段１５０巷３弄７號四樓,4.0,52.0,0,23.96,511312,0.0,,25.038068,121.616369,南港展覽館站出口7,1784,無電梯_4樓以上
房地(土地+建物),中社路二段９９號四樓,4.0,49.0,0,31.38,528926,0.0,,25.107387,121.567874,劍南路站出口1,2742,無電梯_4樓以上
房地(土地+建物),民權東路六段１２０巷１弄２號四樓,4.0,41.0,0,30.29,531488,0.0,,25.068677,121.587321,文德站出口2,1110,無電梯_4樓以上
房地(土地+建物),環山路二段１０９巷４號五樓,5.0,44.0,0,29.33,699007,0.0,,25.08411,121.575965,港墘站出口1,443,無電梯_4樓以上
房地(土地+建物),福華路１４７巷３１號四樓,4.0,53.0,0,24.58,683452,0.0,,25.102833,121.520938,芝山站出口2,180,無電梯_4樓以上
房地(土地+建物),懷德街７５巷４號四樓,4.0,46.0,0,32.46,563802,0.0,,25.113676,121.519442,石牌站出口2,322,無電梯_4樓以上
房地(土地+建物),木新路二段７９巷１２弄２號五樓,5.0,42.0,0,26.4,396983,0.0,,24.984787,121.571076,木柵站出口,1507,無電梯_4樓以上
房地(土地+建物)+車位,民權東路六段１９１巷３８弄１５號四樓,4.0,27.0,0,46.09,684047,8.08,0.0,25.069179,121.597707,葫洲站出口2,1026,無電梯_4樓以上
房地(土地+建物),市民大道五段１９７號四樓,4.0,46.0,0,27.34,731450,0.0,,25.048656,121.566237,南京三民站出口3,340,無電梯_4樓以上
房地(土地+建物),樂業街１６９巷１３號四樓,4.0,45.0,0,27.29,688935,0.0,,25.01939,121.554718,麟光站出口,403,無電梯_4樓以上
房地(土地+建物),信義路五段１５０巷２２弄１號四樓,4.0,36.0,0,32.91,653318,0.0,,25.02717,121.569683,象山站出口2,579,無電梯_4樓以上
房地(土地+建物),福德街２６８巷５弄２６號五樓,5.0,38.0,0,19.44,642950,0.0,,25.03912,121.585076,後山埤站出口2,604,無電梯_4樓以上
房地(土地+建物),和平西路三段３０２巷３弄３４號四樓,4.0,49.0,0,27.62,466308,0.0,,25.03487,121.491935,龍山寺站出口1,768,無電梯_4樓以上
房地(土地+建物),康寧路一段９３號五樓,5.0,44.0,0,31.19,474454,0.0,,25.079695,121.593307,內湖站出口2,458,無電梯_4樓以上
房地(土地+建物),中山北路七段１９０巷１８弄８號五樓,5.0,45.0,0,48.09,474097,0.0,,25.125166,121.534373,石牌站出口1,2234,無電梯_4樓以上
房地(土地+建物),西園路二段３７２巷６２號四樓,4.0,49.0,0,19.87,271792,0.0,,25.026245,121.490458,龍山寺站出口2,1363,無電梯_4樓以上
房地(土地+建物),富陽街１６３巷１２號四樓,4.0,42.0,0,26.91,661381,0.0,,25.017463,121.557536,麟光站出口,162,無電梯_4樓以上
房地(土地+建物),仁愛路二段６５巷１５號五樓,5.0,40.0,0,17.81,943549,0.0,,25.039412,121.530399,忠孝新生站出口5,271,無電梯_4樓以上
房地(土地+建物),天母東路１０５巷５７號四樓,4.0,46.0,0,24.51,525402,0.0,,25.120708,121.534796,明德站出口2,2008,無電梯_4樓以上
房地(土地+建物),士東路２６６巷１１弄１１之１號四樓,4.0,43.0,0,32.46,579152,0.0,,25.111941,121.53727,芝山站出口2,1753,無電梯_4樓以上
房地(土地+建物),中央南路一段１０２巷１６弄１８號四樓,4.0,47.0,0,24.99,528958,0.0,,25.131305,121.500618,北投站出口2,147,無電梯_4樓以上
房地(土地+建物),安泰街７９巷１號五樓,5.0,44.0,0,28.89,380732,0.0,,25.076007,121.61695,葫洲站出口1,975,無電梯_4樓以上
房地(土地+建物),康寧路一段２１４巷７之４號五樓,5.0,39.0,0,33.73,514353,0.0,,25.077711,121.595296,內湖站出口2,662,無電梯_4樓以上
房地(土地+建物),港華街７４號四樓,4.0,42.0,0,35.12,498332,0.0,,25.083363,121.573649,港墘站出口2,382,無電梯_4樓以上
房地(土地+建物),龍江路２８１巷２２號五樓,5.0,47.0,0,24.38,897292,0.0,,25.059781,121.54191,中山國中站出口,239,無電梯_4樓以上
房地(土地+建物),龍江路４１５巷３４號四樓,4.0,43.0,0,29.15,617520,0.0,,25.066327,121.542794,中山國中站出口,623,無電梯_4樓以上
房地(土地+建物),富陽街４４巷１５號五樓,5.0,43.0,0,33.01,666551,0.0,,25.02293,121.55583,六張犁站出口,328,無電梯_4樓以上
房地(土地+建物),臥龍街１８８巷３５號四樓,4.0,49.0,0,32.97,636895,0.0,,25.016989,121.550614,六張犁站出口,793,無電梯_4樓以上
房地(土地+建物),重慶北路三段２５巷１１弄１９號四樓,4.0,48.0,0,19.95,476122,0.0,,25.065124,121.514944,大橋頭站出口3,216,無電梯_4樓以上
房地(土地+建物),雨聲街１５巷３號四樓,4.0,42.0,0,32.56,672031,0.0,,25.101079,121.529138,芝山站出口1,663,無電梯_4樓以上
房地(土地+建物),吳興街２８４巷２０弄２３號四樓,4.0,51.0,0,24.24,674609,0.0,,25.025203,121.56319,台北101/世貿站出口3,840,無電梯_4樓以上
房地(土地+建物),麗山街３２８巷８號四樓,4.0,42.0,0,33.71,599219,0.0,,25.083174,121.573543,港墘站出口2,365,無電梯_4樓以上
房地(土地+建物),中央北路三段１７０號五樓,5.0,43.0,0,20.36,442016,0.0,,25.137069,121.481997,復興崗站出口2,316,無電梯_4樓以上
房地(土地+建物),芝玉路二段２０巷６號五樓,5.0,41.0,0,23.7,662508,0.0,,25.110158,121.534642,芝山站出口2,1424,無電梯_4樓以上
房地(土地+建物),泰順街１０號四樓,4.0,37.0,0,35.54,900300,0.0,,25.025631,121.531461,台電大樓站出口3,614,無電梯_4樓以上
房地(土地+建物),興隆路二段２４４巷３７弄１６號五樓,5.0,42.0,0,43.15,428782,0.0,,24.998952,121.553006,萬芳醫院站出口,479,無電梯_4樓以上
房地(土地+建物),松山路６５６巷１９號四樓,4.0,48.0,0,29.12,542665,0.0,,25.031121,121.577932,象山站出口3,765,無電梯_4樓以上
房地(土地+建物),泰順街２８號五樓,5.0,36.0,0,22.58,836191,0.0,,25.025045,121.531414,台電大樓站出口3,560,無電梯_4樓以上
房地(土地+建物),中山北路五段７４０巷２號四樓,4.0,44.0,0,31.95,732394,0.0,,25.099025,121.527514,士林站出口1,569,無電梯_4樓以上
房地(土地+建物),石牌路一段３９巷１２０弄１１號四樓,4.0,55.0,0,18.17,710153,0.0,,25.116748,121.510383,石牌站出口1,529,無電梯_4樓以上
房地(土地+建物),吳興街１５６巷２９弄２號四樓,4.0,50.0,0,22.2,720706,0.0,,25.028348,121.560637,台北101/世貿站出口2,517,無電梯_4樓以上
房地(土地+建物),吳興街１５６巷２９弄４號四樓,4.0,50.0,0,22.8,723608,0.0,,25.028289,121.560685,台北101/世貿站出口2,522,無電梯_4樓以上
房地(土地+建物),潮州街７８巷４之５號,4.0,56.0,0,46.32,934888,0.0,,25.028979,121.52418,古亭站出口5,239,無電梯_4樓以上
房地(土地+建物),新光路一段９５巷１８號四樓,4.0,39.0,0,34.22,514292,0.0,,24.991127,121.57463,木柵站出口,793,無電梯_4樓以上
房地(土地+建物),新明路４６０巷１８弄５號四樓,4.0,46.0,0,24.54,550082,0.0,,25.05422,121.578284,松山站出口5,410,無電梯_4樓以上
房地(土地+建物),福德街２６０號四樓,4.0,49.0,0,22.35,747349,0.0,,25.03883,121.585685,後山埤站出口2,665,無電梯_4樓以上
房地(土地+建物),延平北路四段１５３巷２６號四樓,4.0,53.0,0,24.34,486810,0.0,,25.072573,121.51195,圓山站出口2,826,無電梯_4樓以上
房地(土地+建物),辛亥路三段１５７巷２４弄４號四樓,4.0,46.0,0,24.3,609059,0.0,,25.017973,121.55035,六張犁站出口,697,無電梯_4樓以上
房地(土地+建物),松仁路３０８巷７７號四樓,4.0,49.0,0,29.6,630076,0.0,,25.020803,121.570555,麟光站出口,1230,無電梯_4樓以上
房地(土地+建物),大興街９巷１９號四樓,4.0,41.0,0,34.22,555153,0.0,,25.13057,121.497359,北投站出口2,192,無電梯_4樓以上
房地(土地+建物),中央北路四段１４２巷３號五樓,5.0,40.0,0,35.81,343509,0.0,,25.133492,121.475347,忠義站出口2,327,無電梯_4樓以上
房地(土地+建物),永吉路２７８巷２８弄７號四樓,4.0,51.0,0,22.7,743726,0.0,,25.044553,121.57377,永春站出口1,418,無電梯_4樓以上
房地(土地+建物),福德街３３５號四樓,4.0,52.0,0,25.86,657368,0.0,,25.03942,121.588406,後山埤站出口2,814,無電梯_4樓以上
房地(土地+建物),育英街５９之２號四樓,4.0,49.0,0,27.23,346664,0.0,,24.991988,121.538497,景美站出口1,222,無電梯_4樓以上
房地(土地+建物),辛亥路四段１０１巷２６號四樓,4.0,27.0,0,16.46,499423,0.0,,25.00678,121.559978,辛亥站出口,351,無電梯_4樓以上
房地(土地+建物),錦州街４３１號四樓,4.0,57.0,0,33.9,697974,0.0,,25.060272,121.542605,中山國中站出口,152,無電梯_4樓以上
房地(土地+建物),興隆路三段１８５巷１１弄１９號四樓,4.0,42.0,0,28.35,313225,0.0,,24.996094,121.562399,萬芳醫院站出口,595,無電梯_4樓以上
房地(土地+建物),致遠一路二段８６巷６號四樓之２,4.0,47.0,0,28.35,567896,0.0,,25.112939,121.513708,石牌站出口2,264,無電梯_4樓以上
房地(土地+建物),文昌街２７８巷９號四樓,4.0,45.0,0,25.7,700462,0.0,,25.031818,121.556625,信義安和站出口4,351,無電梯_4樓以上
房地(土地+建物),萬盛街１６２號四樓,4.0,49.0,0,36.71,354172,0.0,,25.005339,121.543172,萬隆站出口3,530,無電梯_4樓以上
房地(土地+建物),江南街２號五樓,5.0,45.0,0,56.9,390157,0.0,,25.078278,121.578401,港墘站出口1,333,無電梯_4樓以上
房地(土地+建物),大直街６７巷２４號四樓,4.0,49.0,0,26.59,626253,0.0,,25.083683,121.547722,大直站出口1,378,無電梯_4樓以上
房地(土地+建物),大直街６２巷５弄６號四樓,4.0,47.0,0,33.28,691022,0.0,,25.083545,121.544954,大直站出口1,406,無電梯_4樓以上
房地(土地+建物),吳興街３６４巷５號五樓,5.0,41.0,0,25.76,578329,0.0,,25.025131,121.566291,象山站出口2,885,無電梯_4樓以上
房地(土地+建物),大直街５７巷９之１號四樓,4.0,39.0,0,29.63,691941,0.0,,25.083403,121.547046,大直站出口1,339,無電梯_4樓以上
房地(土地+建物),羅斯福路五段２１８巷３８弄２２號四樓,4.0,46.0,0,27.61,470859,0.0,,25.002533,121.537355,萬隆站出口4,124,無電梯_4樓以上
房地(土地+建物),安居街３４巷５號四樓,4.0,43.0,0,37.52,579753,0.0,,25.020918,121.554329,六張犁站出口,364,無電梯_4樓以上
房地(土地+建物),瑞安街３１巷１２號四樓,4.0,52.0,0,44.08,771374,0.0,,25.030592,121.544543,大安站出口5,266,無電梯_4樓以上
房地(土地+建物),錦州街１９４號四樓,4.0,53.0,0,28.09,651545,0.0,,25.060322,121.53073,行天宮站出口4,228,無電梯_4樓以上
房地(土地+建物),中和街３７５號四樓,4.0,47.0,0,22.72,479738,0.0,,25.142265,121.498634,新北投站出口2,716,無電梯_4樓以上
房地(土地+建物),新生南路一段１６０巷４號四樓,4.0,48.0,0,36.43,899882,0.0,,25.03452,121.532102,東門站出口6,226,無電梯_4樓以上
房地(土地+建物),敦煌路４６號四樓,4.0,52.0,0,21.93,615646,0.0,,25.075378,121.518944,圓山站出口2,417,無電梯_4樓以上
房地(土地+建物),內湖路三段３２９巷４弄１４號四樓,4.0,46.0,0,24.34,599783,0.0,,25.088327,121.585725,內湖站出口1,1000,無電梯_4樓以上
房地(土地+建物),信義路六段２６巷２２號五樓,5.0,45.0,0,34.19,599564,0.0,,25.033111,121.57543,象山站出口3,485,無電梯_4樓以上
房地(土地+建物),樂利路５巷１３號五樓之１,5.0,46.0,0,16.98,864736,0.0,,25.028879,121.551661,信義安和站出口2A,451,無電梯_4樓以上
房地(土地+建物),安泰街８０巷８號五樓,5.0,45.0,0,24.21,390301,0.0,,25.076019,121.616385,葫洲站出口1,924,無電梯_4樓以上
房地(土地+建物),文林北路２３６號四樓,4.0,42.0,0,37.02,513279,0.0,,25.108602,121.513861,明德站出口3,495,無電梯_4樓以上
房地(土地+建物),尊賢街２６４巷１７號四樓,4.0,49.0,0,26.29,565990,0.0,,25.117579,121.507777,唭哩岸站出口1,359,無電梯_4樓以上
房地(土地+建物),辛亥路六段８６巷６弄１０號四樓,4.0,42.0,0,29.8,369175,0.0,,24.989179,121.551771,大坪林站出口5,1113,無電梯_4樓以上
房地(土地+建物),中和街４９３巷５弄８號四樓,4.0,45.0,0,28.1,366559,0.0,,25.144279,121.495205,新北投站出口2,1104,無電梯_4樓以上
房地(土地+建物),光復南路５７巷１６之１號五樓,5.0,43.0,0,28.97,742215,0.0,,25.045908,121.558822,國父紀念館站出口5,497,無電梯_4樓以上
房地(土地+建物),麗山街１３７號四樓,4.0,41.0,0,26.76,601732,0.0,,25.082644,121.57928,港墘站出口1,448,無電梯_4樓以上
房地(土地+建物),歸綏街８８號五樓,5.0,35.0,0,27.34,541273,0.0,,25.058703,121.516362,雙連站出口2,439,無電梯_4樓以上
房地(土地+建物),歸綏街８８之１號五樓,5.0,35.0,0,26.3,406808,0.0,,25.058689,121.516357,雙連站出口2,440,無電梯_4樓以上
房地(土地+建物),興隆路四段６８之６號四樓,4.0,48.0,0,23.69,450732,0.0,,24.984829,121.561435,萬芳醫院站出口,1661,無電梯_4樓以上
房地(土地+建物),光復南路４１５巷４０號五樓,5.0,40.0,0,34.13,755032,0.0,,25.037111,121.558055,國父紀念館站出口4,454,無電梯_4樓以上
房地(土地+建物),南京東路五段３８９巷１１弄５號四樓,4.0,44.0,0,29.38,544499,0.0,,25.052432,121.569511,南京三民站出口4,493,無電梯_4樓以上
房地(土地+建物),芝玉路一段２０３號四樓,4.0,41.0,0,34.29,573906,0.0,,25.108001,121.533172,芝山站出口2,1185,無電梯_4樓以上
房地(土地+建物),成功路二段４２６巷１６號四樓,4.0,48.0,0,22.66,529633,0.0,,25.071007,121.589175,文德站出口1,924,無電梯_4樓以上
房地(土地+建物),景福街３１號五樓,5.0,38.0,0,31.62,524347,0.0,,24.99888,121.537794,萬隆站出口1,298,無電梯_4樓以上
房地(土地+建物),研究院路二段２巷５０號四樓,4.0,39.0,0,31.96,406809,0.0,,25.048681,121.613148,南港站出口2,686,無電梯_4樓以上
房地(土地+建物),自強街５３之１號五樓,5.0,35.0,0,38.48,545767,0.0,,25.110468,121.513586,石牌站出口2,433,無電梯_4樓以上
房地(土地+建物),尊賢街２４５巷２８號四樓,4.0,44.0,0,30.2,569621,0.0,,25.116996,121.505798,唭哩岸站出口1,428,無電梯_4樓以上
房地(土地+建物),中和街５０７巷１０號四樓,4.0,49.0,0,22.54,363761,0.0,,25.144548,121.493994,復興崗站出口1,1155,無電梯_4樓以上
房地(土地+建物),尊賢街２１８巷１４號四樓之１,4.0,50.0,0,12.25,653318,0.0,,25.115699,121.508611,唭哩岸站出口1,583,無電梯_4樓以上
房地(土地+建物),永吉路１８０巷６６弄６號四樓,4.0,51.0,0,28.65,740050,0.0,,25.043398,121.571186,市政府站出口4,468,無電梯_4樓以上
房地(土地+建物),中央北路三段２１６號五樓,5.0,46.0,0,28.12,426737,0.0,,25.136466,121.480766,復興崗站出口2,449,無電梯_4樓以上
房地(土地+建物),青年路１６８巷４９弄２９號五樓,5.0,50.0,0,11.61,581550,0.0,,25.01969,121.502342,頂溪站出口2,1454,無電梯_4樓以上
房地(土地+建物),新生北路二段１３３巷２５號五樓,5.0,42.0,0,23.95,722463,0.0,,25.060911,121.528578,中山國小站出口3,228,無電梯_4樓以上
房地(土地+建物),和平東路三段３０８巷１５弄２９號五樓,5.0,47.0,0,26.74,616961,0.0,,25.019116,121.556333,麟光站出口,237,無電梯_4樓以上
房地(土地+建物),中山北路六段４１９巷３９號四樓,4.0,41.0,0,33.63,567862,0.0,,25.115033,121.526467,明德站出口2,959,無電梯_4樓以上
房地(土地+建物),德行東路１９０巷４０弄１１號五樓,5.0,39.0,0,40.8,459614,0.0,,25.10655,121.531659,芝山站出口2,986,無電梯_4樓以上
房地(土地+建物),中山北路六段１８６巷２５弄１１號四樓,4.0,40.0,0,38.92,603809,0.0,,25.108346,121.526579,芝山站出口2,659,無電梯_4樓以上
房地(土地+建物),木新路二段１１１巷１２弄８號四樓,4.0,40.0,0,30.64,456871,0.0,,24.9835,121.569986,木柵站出口,1668,無電梯_4樓以上
房地(土地+建物),中山北路七段３８巷１２弄４之３號五樓,5.0,47.0,0,16.97,813334,0.0,,25.119752,121.531939,明德站出口2,1716,無電梯_4樓以上
房地(土地+建物),康樂街２０巷４號四樓,4.0,40.0,0,27.29,634037,0.0,,25.068379,121.617948,東湖站出口3,620,無電梯_4樓以上
房地(土地+建物),南京東路五段１２３巷２７號四樓,4.0,57.0,0,32.4,737020,0.0,,25.052718,121.56068,南京三民站出口1,281,無電梯_4樓以上
房地(土地+建物),義理街６３巷４弄５號四樓,4.0,51.0,0,27.94,630015,0.0,,25.117735,121.515192,石牌站出口1,308,無電梯_4樓以上
房地(土地+建物),辛亥路一段２５巷８號五樓,5.0,43.0,0,18.31,682676,0.0,,25.019486,121.52806,台電大樓站出口1,54,無電梯_4樓以上
房地(土地+建物),富陽街８７巷２７號四樓,4.0,55.0,0,32.07,664151,0.0,,25.021773,121.557468,麟光站出口,376,無電梯_4樓以上
房地(土地+建物),士東路２００巷８０號五樓,5.0,48.0,0,21.39,631054,0.0,,25.110019,121.534003,芝山站出口2,1361,無電梯_4樓以上
房地(土地+建物),德行東路１００號四樓,4.0,51.0,0,25.24,602277,0.0,,25.107535,121.528148,芝山站出口2,715,無電梯_4樓以上
房地(土地+建物),長泰街３０８巷９號四樓,4.0,52.0,0,15.68,484739,0.0,,25.021197,121.492862,中原站出口,1670,無電梯_4樓以上
房地(土地+建物),吳興街１８號四樓,4.0,41.0,0,30.89,747784,0.0,,25.031481,121.559609,台北101/世貿站出口1,275,無電梯_4樓以上
房地(土地+建物),昆陽街１９１巷５號四樓之１,4.0,45.0,0,29.74,689337,0.0,,25.047924,121.593751,昆陽站出口1,286,無電梯_4樓以上
房地(土地+建物),致遠二路９５巷３０號四樓,4.0,53.0,0,24.65,545557,0.0,,25.116783,121.510987,石牌站出口1,475,無電梯_4樓以上
房地(土地+建物),吳興街２８４巷２４弄５０號五樓,5.0,45.0,0,30.42,535790,0.0,,25.023422,121.561966,麟光站出口,638,無電梯_4樓以上
房地(土地+建物),光復南路４１７巷４６號四樓,4.0,45.0,0,34.6,805853,0.0,,25.036786,121.558333,國父紀念館站出口4,488,無電梯_4樓以上
房地(土地+建物),木新路三段５０巷１８號四樓,4.0,43.0,0,26.8,480679,0.0,,24.983435,121.563987,萬芳社區站出口,1742,無電梯_4樓以上
房地(土地+建物),吉林路４０７巷１２號四樓,4.0,53.0,0,25.25,673277,0.0,,25.065996,121.531047,中山國小站出口4,551,無電梯_4樓以上
房地(土地+建物),萬慶街２２之３號四樓,4.0,51.0,0,27.38,627187,0.0,,24.992821,121.539349,景美站出口3,121,無電梯_4樓以上
房地(土地+建物),前街２１巷３０號四樓,4.0,46.0,0,23.9,706262,0.0,,25.098122,121.525194,士林站出口1,453,無電梯_4樓以上
房地(土地+建物),木柵路一段３３５巷１１弄１１之２號四樓,4.0,48.0,0,29.89,434259,0.0,,24.98891,121.556707,萬芳醫院站出口,1169,無電梯_4樓以上
房地(土地+建物),內湖路一段２８５巷６５弄４３號四樓,4.0,48.0,0,21.04,626550,0.0,,25.084321,121.568913,西湖站出口2,312,無電梯_4樓以上
房地(土地+建物),陽光街９２巷１８弄１５號四樓,4.0,42.0,0,19.92,717995,0.0,,25.075556,121.585624,文德站出口2,328,無電梯_4樓以上
房地(土地+建物),五分街５１號四樓,4.0,44.0,0,29.72,481197,0.0,,25.067555,121.614096,東湖站出口3,222,無電梯_4樓以上
房地(土地+建物),赤峰街９號四樓,4.0,56.0,0,14.89,671636,0.0,,25.053619,121.519221,中山站出口5,66,無電梯_4樓以上
房地(土地+建物),吉利街２８０巷２７弄２５號四樓,4.0,46.0,0,34.85,495008,0.0,,25.117394,121.511214,石牌站出口1,488,無電梯_4樓以上
房地(土地+建物),龍江路４１５巷１１號四樓,4.0,42.0,0,28.28,675300,0.0,,25.066464,121.541809,中山國中站出口,664,無電梯_4樓以上
房地(土地+建物),復興北路４９９巷５弄１號五樓,5.0,45.0,0,30.02,632846,0.0,,25.065649,121.544829,中山國中站出口,543,無電梯_4樓以上
房地(土地+建物),泰順街３８巷２６號四樓,4.0,39.0,0,30.22,886750,0.0,,25.024571,121.530046,台電大樓站出口3,437,無電梯_4樓以上
房地(土地+建物),環河南路一段１５１號五樓,5.0,42.0,0,16.81,535495,0.0,,25.042029,121.50031,西門站出口1,731,無電梯_4樓以上
房地(土地+建物),新明路３７９號四樓,4.0,48.0,0,29.81,540063,0.0,,25.055362,121.581999,松山站出口5,682,無電梯_4樓以上
房地(土地+建物),嘉興街３４７巷２號四樓,4.0,45.0,0,43.04,673750,0.0,,25.022052,121.552468,六張犁站出口,202,無電梯_4樓以上
房地(土地+建物),興隆路四段１４５巷１８號五樓,5.0,40.0,0,37.09,350532,0.0,,24.985077,121.562545,萬芳社區站出口,1614,無電梯_4樓以上
房地(土地+建物),和平西路三段３０９巷１５弄２３號四樓,4.0,54.0,0,24.14,414207,0.0,,25.035937,121.492742,龍山寺站出口1,686,無電梯_4樓以上
房地(土地+建物),研究院路二段５４巷１９號五樓,5.0,44.0,0,28.27,472205,0.0,,25.046363,121.61409,南港站出口2,920,無電梯_4樓以上
房地(土地+建物),忠誠路二段５０巷１６號五樓,5.0,41.0,0,34.6,595430,0.0,,25.110898,121.529476,明德站出口1,1055,無電梯_4樓以上
房地(土地+建物),廈門街７１巷２８之１號四樓,4.0,49.0,0,34.07,598811,0.0,,25.024686,121.52001,古亭站出口8,325,無電梯_4樓以上
房地(土地+建物),福興路７８巷２０弄２６之６號五樓,5.0,42.0,0,31.64,369803,0.0,,25.004594,121.551706,辛亥站出口,539,無電梯_4樓以上
房地(土地+建物),西安街二段３５５號四樓,4.0,41.0,0,32.44,579531,0.0,,25.120854,121.50446,唭哩岸站出口2,144,無電梯_4樓以上
房地(土地+建物),大湖山莊街２１９巷２之２號五樓,5.0,43.0,0,22.38,549550,0.0,,25.088429,121.599391,大湖公園站出口1,587,無電梯_4樓以上
房地(土地+建物),玉成街１７０號四樓,4.0,40.0,0,31.54,646068,0.0,,25.044589,121.584167,後山埤站出口3,115,無電梯_4樓以上
房地(土地+建物),羅斯福路二段８１巷１６弄３之７號,4.0,53.0,0,20.68,850019,0.0,,25.025457,121.524751,古亭站出口3,138,無電梯_4樓以上
房地(土地+建物),研究院路二段１２巷５７弄８０號五樓,5.0,40.0,0,33.94,459039,0.0,,25.048429,121.613303,南港站出口2,714,無電梯_4樓以上
房地(土地+建物),麗山街３６６號四樓,4.0,43.0,0,28.37,650302,0.0,,25.081574,121.572706,港墘站出口2,262,無電梯_4樓以上
房地(土地+建物),中和街５２５巷３號四樓,4.0,44.0,0,36.2,419923,0.0,,25.144802,121.493575,復興崗站出口1,1143,無電梯_4樓以上
房地(土地+建物),大興街９巷２１號四樓,4.0,42.0,0,34.22,566840,0.0,,25.130614,121.497338,北投站出口2,192,無電梯_4樓以上
房地(土地+建物),民權東路六段１２０巷１弄４號五樓,5.0,41.0,0,29.88,564852,0.0,,25.068675,121.587387,文德站出口2,1112,無電梯_4樓以上
房地(土地+建物),立農街一段１８７巷１０弄６號五樓,5.0,40.0,0,34.19,486421,0.0,,25.120409,121.504614,唭哩岸站出口2,138,無電梯_4樓以上
房地(土地+建物),中山北路六段２０６號四樓,4.0,28.0,0,19.05,716710,0.0,,25.108201,121.525301,芝山站出口2,569,無電梯_4樓以上
房地(土地+建物),致遠一路二段５７巷２８號五樓,5.0,43.0,0,28.86,595888,0.0,,25.111721,121.512533,石牌站出口2,424,無電梯_4樓以上
房地(土地+建物),環河南路二段２９２號五樓,5.0,46.0,0,28.06,409882,0.0,,25.031644,121.490838,龍山寺站出口1,974,無電梯_4樓以上
房地(土地+建物),內湖路一段９１巷３５弄３１號四樓,4.0,42.0,0,29.91,575153,0.0,,25.087797,121.561936,劍南路站出口3,706,無電梯_4樓以上
房地(土地+建物),木柵路四段１５９巷１７８號四樓,4.0,44.0,0,28.33,441290,0.0,,25.004354,121.577385,動物園站出口1,721,無電梯_4樓以上
房地(土地+建物),中山北路六段４１９巷３９之１號五樓,5.0,40.0,0,33.77,621779,0.0,,25.115033,121.526467,明德站出口2,959,無電梯_4樓以上
房地(土地+建物),吉利街１７４號五樓,5.0,42.0,0,28.3,441667,0.0,,25.118599,121.509317,唭哩岸站出口1,337,無電梯_4樓以上
房地(土地+建物),晉江街２８號五樓,5.0,37.0,0,34.94,572431,0.0,,25.025462,121.521434,古亭站出口1,165,無電梯_4樓以上
房地(土地+建物),迪化街二段３３６號四樓,4.0,53.0,0,20.57,583375,0.0,,25.072363,121.512614,圓山站出口2,758,無電梯_4樓以上
房地(土地+建物),中央北路四段３８２號五樓,5.0,42.0,0,27.98,357344,0.0,,25.129782,121.471181,忠義站出口1,245,無電梯_4樓以上
房地(土地+建物),廈門街１２３巷１８號四樓,4.0,50.0,0,27.17,588808,0.0,,25.022903,121.518469,古亭站出口1,568,無電梯_4樓以上
房地(土地+建物),臨沂街５７巷３２弄１０號四樓,4.0,56.0,0,44.08,782610,0.0,,25.03704,121.53127,東門站出口6,371,無電梯_4樓以上
房地(土地+建物),公路１３７巷１號五樓,5.0,36.0,0,30.95,323115,0.0,,25.132303,121.502681,北投站出口2,379,無電梯_4樓以上
房地(土地+建物),懷德街１１巷１弄１號四樓,4.0,53.0,0,25.88,670354,0.0,,25.111549,121.519004,明德站出口2,174,無電梯_4樓以上
房地(土地+建物),成功路四段１６７巷２１號四樓,4.0,45.0,0,34.66,536589,0.0,,25.082832,121.594979,內湖站出口2,97,無電梯_4樓以上
房地(土地+建物),磺溪街４７巷６號五樓,5.0,43.0,0,41.54,659136,0.0,,25.107132,121.52283,芝山站出口2,369,無電梯_4樓以上
房地(土地+建物),內湖路三段３２９巷４弄１１號四樓,4.0,46.0,0,24.51,603946,0.0,,25.088255,121.585601,內湖站出口1,1006,無電梯_4樓以上
房地(土地+建物),成功路三段１７４巷２６弄１３號五樓,5.0,40.0,0,31.2,452523,0.0,,25.081435,121.589705,文德站出口1,512,無電梯_4樓以上
房地(土地+建物),羅斯福路五段９７巷１１號四樓,4.0,54.0,0,23.84,759132,0.0,,25.005443,121.539544,萬隆站出口4,323,無電梯_4樓以上
房地(土地+建物),木柵路一段６７號四樓,4.0,51.0,0,25.29,577396,0.0,,24.987031,121.546264,大坪林站出口5,557,無電梯_4樓以上
房地(土地+建物),木柵路一段６９號四樓,4.0,51.0,0,25.29,573441,0.0,,24.987044,121.546334,大坪林站出口5,562,無電梯_4樓以上
房地(土地+建物),內湖路三段６０巷５２弄４號五樓,5.0,40.0,0,27.57,507802,0.0,,25.089282,121.59319,內湖站出口1,625,無電梯_4樓以上
房地(土地+建物),金龍路２１０號五樓,5.0,44.0,0,29.81,542747,0.0,,25.087809,121.587154,內湖站出口1,847,無電梯_4樓以上
房地(土地+建物),文林北路２３４之７號五樓之１,5.0,41.0,0,30.53,517502,0.0,,25.10857,121.513809,明德站出口3,501,無電梯_4樓以上
房地(土地+建物),吉林路４５６巷３４號四樓,4.0,53.0,0,29.84,726650,0.0,,25.066946,121.528727,中山國小站出口4,495,無電梯_4樓以上
房地(土地+建物),裕民一路４１巷２弄１２號四樓,4.0,46.0,0,38.18,649632,0.0,,25.11674,121.518285,石牌站出口1,363,無電梯_4樓以上
房地(土地+建物),木柵路四段１５９巷１８６號五樓,5.0,44.0,0,30.72,354866,0.0,,25.004683,121.577258,動物園站出口1,760,無電梯_4樓以上
房地(土地+建物),中央北路三段１６８巷５號四樓,4.0,44.0,0,29.48,366330,0.0,,25.137344,121.481891,復興崗站出口2,326,無電梯_4樓以上
房地(土地+建物),葫蘆街１９號四樓,4.0,52.0,0,26.06,473845,0.0,,25.07996,121.510135,圓山站出口2,1355,無電梯_4樓以上
房地(土地+建物),興隆路二段１３０巷６號四樓,4.0,56.0,0,24.08,569033,0.0,,25.000488,121.550456,萬芳醫院站出口,744,無電梯_4樓以上
房地(土地+建物),延壽街４０２巷１弄１２號五樓,5.0,47.0,0,27.95,765544,0.0,,25.055914,121.557703,台北小巨蛋站出口4,687,無電梯_4樓以上
房地(土地+建物),士東路５４巷３０號五樓,5.0,44.0,0,40.62,450062,0.0,,25.111079,121.527891,明德站出口1,902,無電梯_4樓以上
房地(土地+建物),大龍街８７巷１號五樓之８,5.0,60.0,0,8.03,610568,0.0,,25.066638,121.516658,民權西路站出口5,434,無電梯_4樓以上
房地(土地+建物),文德路２２巷６２弄１號四樓,4.0,43.0,0,31.12,697275,0.0,,25.075821,121.580613,文德站出口2,490,無電梯_4樓以上
房地(土地+建物),敦煌路１８９號四樓,4.0,45.0,0,28.6,506916,0.0,,25.076717,121.510333,圓山站出口2,1127,無電梯_4樓以上
房地(土地+建物),木新路三段４５巷７弄１０號五樓,5.0,38.0,0,32.57,491202,0.0,,24.98204,121.564806,萬芳社區站出口,1875,無電梯_4樓以上
房地(土地+建物),吉利街１５８號五樓,5.0,42.0,0,27.63,650663,0.0,,25.118553,121.508648,唭哩岸站出口1,296,無電梯_4樓以上
房地(土地+建物),永吉路１８０巷７０弄２號四樓,4.0,51.0,0,26.14,913472,0.0,,25.043147,121.571343,永春站出口1,449,無電梯_4樓以上
房地(土地+建物),承德路四段４號五樓,5.0,51.0,0,29.15,562688,0.0,,25.078832,121.521162,劍潭站出口2,612,無電梯_4樓以上
房地(土地+建物),富陽街１５７巷１６號四樓,4.0,39.0,0,29.4,585096,0.0,,25.017599,121.557733,麟光站出口,138,無電梯_4樓以上
房地(土地+建物),石牌路二段３５７巷１５號四樓,4.0,44.0,0,49.82,475295,0.0,,25.124189,121.52538,石牌站出口1,1446,無電梯_4樓以上
房地(土地+建物),試院路５２號四樓,4.0,44.0,0,23.75,383219,0.0,,24.989516,121.549653,景美站出口2,910,無電梯_4樓以上
房地(土地+建物),裕民六路１１４巷３６弄２號四樓之２,4.0,49.0,0,18.83,759402,0.0,,25.114201,121.518626,石牌站出口2,251,無電梯_4樓以上
房地(土地+建物),指南路二段４５巷６弄３號四樓,4.0,49.0,0,23.02,547417,0.0,,24.988612,121.575304,木柵站出口,1080,無電梯_4樓以上
房地(土地+建物)+車位,瑞光路１１２巷５６弄３１號五樓,5.0,27.0,0,40.53,594682,0.0,,25.070694,121.579589,文德站出口2,990,無電梯_4樓以上
房地(土地+建物),民生西路４５巷５弄２４號四樓,4.0,55.0,0,18.32,883072,0.0,,25.058329,121.521588,雙連站出口2,113,無電梯_4樓以上
房地(土地+建物),興隆路三段１１２巷４弄４０號五樓,5.0,45.0,0,25.74,652765,0.0,,24.999425,121.55576,萬芳醫院站出口,199,無電梯_4樓以上
房地(土地+建物),松江路１００巷１３之１號四樓,4.0,58.0,0,25.85,928484,0.0,,25.051079,121.531297,松江南京站出口1,139,無電梯_4樓以上
房地(土地+建物),石牌路二段３１５巷１０弄８號五樓,5.0,44.0,0,22.55,526798,0.0,,25.122718,121.523077,石牌站出口1,1168,無電梯_4樓以上
房地(土地+建物),溫州街６８巷３號五樓,5.0,42.0,0,34.11,820950,0.0,,25.020105,121.532275,台電大樓站出口2,321,無電梯_4樓以上
房地(土地+建物)+車位,大直街１１５號四樓,4.0,40.0,0,52.34,726621,7.61,328515.0,25.08408,121.548204,大直站出口1,433,無電梯_4樓以上
房地(土地+建物),大直街３９巷６號五樓,5.0,41.0,0,32.75,595500,0.0,,25.082445,121.546789,大直站出口1,232,無電梯_4樓以上
房地(土地+建物),康寧路三段１８９巷４０號五樓,5.0,36.0,0,36.74,517168,0.0,,25.070667,121.613416,東湖站出口3,427,無電梯_4樓以上
房地(土地+建物),內湖路三段１４３巷２６號四樓,4.0,43.0,0,20.14,655300,0.0,,25.087051,121.58896,內湖站出口1,649,無電梯_4樓以上
房地(土地+建物),義方街４３號五樓,5.0,40.0,0,32.04,452549,0.0,,25.141459,121.500953,新北投站出口2,536,無電梯_4樓以上
房地(土地+建物),研究院路二段２巷６號五樓,5.0,41.0,0,38.97,474675,0.0,,25.04806,121.61528,南港展覽館站出口7,724,無電梯_4樓以上
房地(土地+建物),樂業街１６９巷３１號四樓,4.0,48.0,0,16.2,401188,0.0,,25.01995,121.555355,麟光站出口,362,無電梯_4樓以上
房地(土地+建物),翠山街６號四樓,4.0,49.0,0,31.38,379170,0.0,,25.108192,121.570084,西湖站出口1,2895,無電梯_4樓以上
房地(土地+建物),信義路五段１５０巷４２７號四樓,4.0,43.0,0,30.17,625760,0.0,,25.023993,121.571515,象山站出口2,946,無電梯_4樓以上
房地(土地+建物),復興北路５１７號五樓,5.0,45.0,0,25.64,584958,0.0,,25.065959,121.544483,中山國中站出口,573,無電梯_4樓以上
房地(土地+建物),中央北路四段５４１巷１弄１１號五樓,5.0,40.0,0,30.62,385343,0.0,,25.127784,121.468254,關渡站出口1,282,無電梯_4樓以上
房地(土地+建物),內湖路三段３２９巷４弄１９號五樓,5.0,46.0,0,21.63,601053,0.0,,25.088161,121.585926,內湖站出口1,973,無電梯_4樓以上
房地(土地+建物),福德街２８４號四樓,4.0,42.0,0,31.59,721678,0.0,,25.039105,121.586541,後山埤站出口2,696,無電梯_4樓以上
房地(土地+建物)+車位,崗山路５巷１１號五樓,5.0,36.0,0,45.87,422896,8.39,0.0,25.140031,121.486413,復興崗站出口1,282,無電梯_4樓以上
房地(土地+建物),雙園街１０７巷１３號四樓,4.0,,0,20.58,417962,0.0,,25.032279,121.492221,龍山寺站出口1,818,無電梯_4樓以上
房地(土地+建物),內湖路三段１４３巷３０號四樓,4.0,43.0,0,20.49,711521,0.0,,25.08712,121.589042,內湖站出口1,646,無電梯_4樓以上
房地(土地+建物),克強路１０巷１９弄１０號四樓,4.0,44.0,0,40.26,442378,0.0,,25.109793,121.52368,明德站出口1,459,無電梯_4樓以上
房地(土地+建物),延平北路五段２１３巷１７號四樓,4.0,53.0,0,34.61,600948,0.0,,25.083455,121.508726,劍潭站出口2,1614,無電梯_4樓以上
房地(土地+建物),文林路７１４巷４號四樓,4.0,53.0,0,24.21,710390,0.0,,25.102549,121.521126,芝山站出口1,162,無電梯_4樓以上
房地(土地+建物),健康路３２５巷８號四樓,4.0,38.0,0,34.52,729921,0.0,,25.05519,121.567381,南京三民站出口4,483,無電梯_4樓以上
房地(土地+建物),仁愛路二段３８巷１１號五樓之１,5.0,44.0,0,37.35,856700,0.0,,25.036517,121.52706,東門站出口2,260,無電梯_4樓以上
房地(土地+建物),康樂街１３６巷２９弄５１號四樓,4.0,39.0,0,32.53,399584,0.0,,25.073092,121.618128,東湖站出口3,914,無電梯_4樓以上
房地(土地+建物),成功路四段３２３巷１０號四樓,4.0,43.0,0,31.41,624094,0.0,,25.084011,121.599283,大湖公園站出口2,297,無電梯_4樓以上
房地(土地+建物),成福路１７１巷２２弄１號五樓,5.0,38.0,0,42.13,554249,0.0,,25.04128,121.588946,後山埤站出口3,721,無電梯_4樓以上
房地(土地+建物),北安路５８１號五樓,5.0,46.0,0,22.03,737596,0.0,,25.081596,121.548554,大直站出口1,214,無電梯_4樓以上
房地(土地+建物),敦化南路二段２００巷１４弄８號四樓,4.0,45.0,0,40.47,770914,0.0,,25.022189,121.547633,六張犁站出口,547,無電梯_4樓以上
房地(土地+建物),嘉興街３０５巷３號四樓,4.0,56.0,0,21.5,767598,0.0,,25.023255,121.554883,六張犁站出口,226,無電梯_4樓以上
房地(土地+建物),成福路２０７巷１２號五樓,5.0,46.0,0,28.89,612004,0.0,,25.040483,121.589276,後山埤站出口3,803,無電梯_4樓以上
房地(土地+建物),康寧路三段１６５巷２５弄１９號五樓,5.0,40.0,0,24.09,693377,0.0,,25.07202,121.611979,葫洲站出口1,398,無電梯_4樓以上
房地(土地+建物),吳興街２８１巷１５號四樓,4.0,52.0,0,23.59,817123,0.0,,25.026553,121.564751,台北101/世貿站出口3,697,無電梯_4樓以上
房地(土地+建物),光復北路８５巷１９號四樓,4.0,46.0,0,29.73,795919,0.0,,25.050589,121.558914,南京三民站出口2,425,無電梯_4樓以上
房地(土地+建物),興隆路三段２０７巷１５弄１０號五樓,5.0,43.0,0,34.67,386507,0.0,,24.995206,121.56243,萬芳醫院站出口,663,無電梯_4樓以上
房地(土地+建物),尊賢街２３９巷２６弄２號,4.0,52.0,0,27.3,511767,0.0,,25.116111,121.506628,唭哩岸站出口1,512,無電梯_4樓以上
房地(土地+建物),中山北路七段１４巷５０弄２３號四樓,4.0,39.0,0,36.97,583741,0.0,,25.120259,121.534538,明德站出口2,1958,無電梯_4樓以上
房地(土地+建物),吳興街６００巷９６弄２２號五樓,5.0,37.0,0,25.68,584199,0.0,,25.017843,121.570856,麟光站出口,1237,無電梯_4樓以上
房地(土地+建物),臥龍街２０３巷４號四樓,4.0,42.0,0,29.5,657565,0.0,,25.018216,121.552946,麟光站出口,572,無電梯_4樓以上
房地(土地+建物),民權東路二段１１３巷１弄１１號五樓,5.0,42.0,0,27.08,553981,0.0,,25.06311,121.534724,行天宮站出口4,352,無電梯_4樓以上
房地(土地+建物),吳興街２８１巷１１弄７號四樓,4.0,52.0,0,25.38,756510,0.0,,25.026871,121.564682,台北101/世貿站出口3,661,無電梯_4樓以上
房地(土地+建物),德行東路１０４巷５弄１２號四樓,4.0,44.0,0,24.97,560575,0.0,,25.107376,121.52915,芝山站出口2,791,無電梯_4樓以上
房地(土地+建物),康樂街４８巷２９號五樓,5.0,40.0,0,36.6,560072,0.0,,25.0694,121.617039,東湖站出口3,573,無電梯_4樓以上
房地(土地+建物),金龍路４７巷１９號五樓,5.0,46.0,0,26.96,637341,0.0,,25.085697,121.593977,內湖站出口1,219,無電梯_4樓以上
房地(土地+建物),信義路五段１５０巷３４２弄６１號四樓,4.0,49.0,0,23.94,605609,0.0,,25.026843,121.570915,象山站出口2,623,無電梯_4樓以上
房地(土地+建物),重慶北路三段１５２巷１７號四樓,4.0,41.0,0,17.77,675340,0.0,,25.068173,121.512945,大橋頭站出口3,496,無電梯_4樓以上
房地(土地+建物),林口街３８巷１３號四樓,4.0,56.0,0,22.68,661423,0.0,,25.038216,121.580036,永春站出口4,445,無電梯_4樓以上
房地(土地+建物),莊敬路３９１巷１弄６號四樓,4.0,53.0,0,27.22,764005,0.0,,25.028065,121.565462,台北101/世貿站出口3,551,無電梯_4樓以上
房地(土地+建物),基隆路二段２０９巷１０號四樓,4.0,51.0,0,34.35,782422,0.0,,25.02276,121.551828,六張犁站出口,152,無電梯_4樓以上
房地(土地+建物),中央北路四段２２０號四樓,4.0,21.0,0,40.59,443433,0.0,,25.132236,121.474268,忠義站出口2,153,無電梯_4樓以上
房地(土地+建物),福興路４６巷２弄１４號四樓,4.0,49.0,0,15.81,493496,0.0,,25.00324,121.551155,辛亥站出口,627,無電梯_4樓以上
房地(土地+建物),安居街１１８巷１１號四樓,4.0,51.0,0,7.19,556062,0.0,,25.018831,121.551909,六張犁站出口,565,無電梯_4樓以上
房地(土地+建物),新生北路二段１１９巷１２號四樓,4.0,50.0,0,34.57,642126,0.0,,25.058885,121.528274,中山國小站出口3,416,無電梯_4樓以上
房地(土地+建物),福港街２２４巷１０號五樓,5.0,48.0,0,22.2,563052,0.0,,25.085325,121.517098,劍潭站出口3,800,無電梯_4樓以上
房地(土地+建物),立農街一段３４９巷１弄２號五樓,5.0,45.0,0,4.92,280433,0.0,,25.119847,121.507786,唭哩岸站出口1,130,無電梯_4樓以上
房地(土地+建物),興隆路一段２５１巷２弄１號四樓,4.0,54.0,0,26.17,661005,0.0,,24.999592,121.544628,萬隆站出口2,553,無電梯_4樓以上
房地(土地+建物),通河東街一段３２號,4.0,48.0,0,21.64,651455,0.0,,25.083046,121.516752,劍潭站出口2,806,無電梯_4樓以上
房地(土地+建物),中華街１６號五樓,5.0,38.0,0,29.71,416674,0.0,,25.141755,121.502169,新北投站出口2,548,無電梯_4樓以上
房地(土地+建物),光復南路１７巷３９號四樓,4.0,56.0,0,29.14,858023,0.0,,25.047311,121.559369,南京三民站出口2,572,無電梯_4樓以上
房地(土地+建物),合江街１０５巷１６號五樓,5.0,40.0,0,34.41,645231,0.0,,25.059782,121.540034,中山國中站出口,414,無電梯_4樓以上
房地(土地+建物),成福路１８０巷２２號四樓,4.0,41.0,0,32.95,450624,0.0,,25.041008,121.587251,後山埤站出口3,617,無電梯_4樓以上
房地(土地+建物),西園路二段３７２巷２９號五樓,5.0,49.0,0,15.33,381513,0.0,,25.026523,121.49048,龍山寺站出口2,1339,無電梯_4樓以上
房地(土地+建物),江南街７１巷１６弄２６號五樓,5.0,45.0,0,30.21,684596,0.0,,25.075817,121.577383,港墘站出口1,505,無電梯_4樓以上
房地(土地+建物),康寧路一段１５６巷３２弄１９號四樓,4.0,48.0,0,24.28,518151,0.0,,25.07734,121.594217,內湖站出口2,701,無電梯_4樓以上
房地(土地+建物),知行路４巷６號四樓,4.0,40.0,0,27.88,304113,0.0,,25.117733,121.466443,關渡站出口1,859,無電梯_4樓以上
房地(土地+建物),致遠一路一段９５號四樓,4.0,49.0,0,31.27,650859,0.0,,25.109373,121.515206,明德站出口3,342,無電梯_4樓以上
房地(土地+建物),長泰街１９巷３９號四樓,4.0,46.0,0,23.95,533636,0.0,,25.022296,121.500868,龍山寺站出口2,1429,無電梯_4樓以上
房地(土地+建物),和平西路三段３８２巷１２弄５４號四樓,4.0,49.0,0,12.81,519749,0.0,,25.034648,121.490318,龍山寺站出口1,933,無電梯_4樓以上
房地(土地+建物),汀州路二段１２巷２號四樓,4.0,44.0,0,30.81,415496,0.0,,25.025549,121.51599,古亭站出口8,618,無電梯_4樓以上
房地(土地+建物),承德路四段２９２巷１１弄８號五樓,5.0,41.0,0,36.12,470634,0.0,,25.089058,121.519622,劍潭站出口1,716,無電梯_4樓以上
房地(土地+建物),桂林路２４２巷５６弄５號五樓,5.0,44.0,0,27.05,406662,0.0,,25.036072,121.493713,龍山寺站出口1,590,無電梯_4樓以上
房地(土地+建物),忠孝東路五段７９０巷５９弄１３號四樓,4.0,56.0,0,33.03,522509,0.0,,25.040633,121.584097,後山埤站出口2,409,無電梯_4樓以上
房地(土地+建物),德行東路９０巷１號四樓,4.0,51.0,0,32.52,573717,0.0,,25.107269,121.527971,芝山站出口2,684,無電梯_4樓以上
房地(土地+建物),康樂街１１５號四樓,4.0,41.0,0,24.14,497111,0.0,,25.070806,121.619205,東湖站出口3,840,無電梯_4樓以上
房地(土地+建物),信義路五段１５０巷３０４號四樓,4.0,45.0,0,27.91,394186,0.0,,25.027191,121.569377,象山站出口2,579,無電梯_4樓以上
房地(土地+建物),舊莊街一段２９０巷１弄５號四樓,4.0,49.0,0,21.03,499292,0.0,,25.036799,121.623807,南港展覽館站出口7,2000,無電梯_4樓以上
房地(土地+建物),承德路四段１０巷６０號四樓,4.0,56.0,0,25.25,645476,0.0,,25.080259,121.519618,劍潭站出口2,616,無電梯_4樓以上
房地(土地+建物),福國路６９號,4.0,52.0,0,26.67,708705,0.0,,25.101722,121.523225,芝山站出口1,69,無電梯_4樓以上
房地(土地+建物),陽光街１５７號四樓,4.0,43.0,0,25.49,627021,0.0,,25.074963,121.585378,文德站出口2,385,無電梯_4樓以上
房地(土地+建物),石牌路一段１６６巷７８號五樓,5.0,42.0,0,34.88,602043,0.0,,25.112692,121.514751,石牌站出口2,177,無電梯_4樓以上
房地(土地+建物),八德路四段３８９巷３２號四樓,4.0,51.0,0,25.41,775286,0.0,,25.050366,121.568366,南京三民站出口4,393,無電梯_4樓以上
房地(土地+建物),天母東路１０５巷６２號四樓,4.0,46.0,0,33.61,528058,0.0,,25.120683,121.535026,明德站出口2,2025,無電梯_4樓以上
房地(土地+建物),忠誠路二段１３０巷７號四樓,4.0,45.0,0,31.02,683401,0.0,,25.114169,121.531673,明德站出口1,1372,無電梯_4樓以上
房地(土地+建物),民生東路二段１４７巷１１弄２４號四樓,4.0,58.0,0,26.26,703813,0.0,,25.059849,121.535857,行天宮站出口3,248,無電梯_4樓以上
房地(土地+建物),中華路二段４４１巷１３號四樓,4.0,48.0,0,39.16,569391,0.0,,25.026021,121.508796,小南門站出口3,1056,無電梯_4樓以上
房地(土地+建物),天祥路３３巷１號四樓,4.0,49.0,0,18.79,604004,0.0,,25.061462,121.521162,民權西路站出口3,137,無電梯_4樓以上
房地(土地+建物),吳興街２８４巷２４弄７８號五樓,5.0,47.0,0,19.21,640334,0.0,,25.02283,121.561252,麟光站出口,545,無電梯_4樓以上
房地(土地+建物),研究院路二段１２巷５７弄９號五樓,5.0,40.0,0,30.01,442460,0.0,,25.047846,121.614204,南港展覽館站出口7,795,無電梯_4樓以上
房地(土地+建物),中央北路三段１６８巷３號五樓,5.0,44.0,0,22.36,460691,0.0,,25.137274,121.48192,復興崗站出口2,323,無電梯_4樓以上
房地(土地+建物),松江路１３２巷１１號四樓,4.0,52.0,0,47.03,708065,0.0,,25.053008,121.531802,松江南京站出口8,114,無電梯_4樓以上
房地(土地+建物),福興路７５號四樓,4.0,34.0,0,22.07,592650,0.0,,25.004011,121.549751,辛亥站出口,743,無電梯_4樓以上
房地(土地+建物),興隆路三段２０７巷７弄６號四樓,4.0,44.0,0,29.04,440772,0.0,,24.995211,121.560797,萬芳醫院站出口,557,無電梯_4樓以上
房地(土地+建物),文林路７１４巷９號四樓,4.0,53.0,0,21.24,777002,0.0,,25.102718,121.521112,芝山站出口1,171,無電梯_4樓以上
房地(土地+建物),興隆路四段１９５巷４弄１號四樓,4.0,47.0,0,31.55,469086,0.0,,24.983171,121.5628,萬芳社區站出口,1804,無電梯_4樓以上
房地(土地+建物),泰順街２６巷２９號四樓,4.0,37.0,0,33.63,882416,0.0,,25.025135,121.530319,台電大樓站出口3,505,無電梯_4樓以上
房地(土地+建物),育英街４之３號四樓,4.0,46.0,0,20.09,647218,0.0,,24.990355,121.539577,景美站出口1,227,無電梯_4樓以上
房地(土地+建物),八德路二段２１０巷６之３號四樓,4.0,50.0,0,22.01,663248,0.0,,25.045538,121.539371,忠孝復興站出口1,563,無電梯_4樓以上
房地(土地+建物),廈門街１４７巷６之１號五樓,5.0,47.0,0,35.53,562831,0.0,,25.021771,121.518445,古亭站出口2,645,無電梯_4樓以上
房地(土地+建物),成功路三段１８７巷３弄４２號五樓,5.0,45.0,0,27.35,606305,0.0,,25.079356,121.590568,文德站出口1,502,無電梯_4樓以上
房地(土地+建物),石牌路一段１６６巷１０４號四樓,4.0,50.0,0,20.23,721551,0.0,,25.112085,121.515209,石牌站出口2,191,無電梯_4樓以上
房地(土地+建物),松江路１４０巷６之３號四樓,4.0,57.0,0,26.85,800839,0.0,,25.053219,121.532573,松江南京站出口8,77,無電梯_4樓以上
房地(土地+建物),指南路二段４５巷１０弄３號五樓,5.0,44.0,0,37.13,506776,0.0,,24.989131,121.575351,木柵站出口,1024,無電梯_4樓以上
房地(土地+建物),金華街３２巷２弄１號五樓,5.0,41.0,0,34.12,899794,0.0,,25.030853,121.521295,中正紀念堂站出口3,280,無電梯_4樓以上
房地(土地+建物),木柵路一段５９巷４２號五樓,5.0,43.0,0,19.2,515716,0.0,,24.98798,121.546903,大坪林站出口5,680,無電梯_4樓以上
房地(土地+建物),民權東路三段１０３巷５弄５號五樓,5.0,40.0,0,25.03,622332,0.0,,25.062895,121.545237,中山國中站出口,263,無電梯_4樓以上
房地(土地+建物),虎林街１４１巷８號四樓,4.0,51.0,0,36.31,743679,0.0,,25.039634,121.576886,永春站出口4,123,無電梯_4樓以上
房地(土地+建物),金山南路一段８２號四樓,4.0,57.0,0,30.35,949031,0.0,,25.036267,121.527519,東門站出口2,228,無電梯_4樓以上
房地(土地+建物),成功路二段４２６巷５４號五樓,5.0,38.0,0,36.51,564203,0.0,,25.070232,121.588462,文德站出口1,980,無電梯_4樓以上
房地(土地+建物),吳興街２８４巷２４弄４７號五樓,5.0,47.0,0,29.69,612258,0.0,,25.023338,121.56213,麟光站出口,640,無電梯_4樓以上
房地(土地+建物),吉利街２５９巷２６號五樓,5.0,44.0,0,35.01,519922,0.0,,25.118275,121.511231,唭哩岸站出口1,512,無電梯_4樓以上
房地(土地+建物),福德街１３７巷１８弄１５號五樓,5.0,40.0,0,38.17,445383,0.0,,25.035985,121.583344,永春站出口4,860,無電梯_4樓以上
房地(土地+建物),青年路１７８巷４６號五樓之２,5.0,50.0,0,11.32,607961,0.0,,25.019692,121.5018,頂溪站出口2,1504,無電梯_4樓以上
房地(土地+建物),安居街６０巷１５號五樓,5.0,47.0,0,29.41,713994,0.0,,25.020512,121.55339,六張犁站出口,377,無電梯_4樓以上
房地(土地+建物),忠義街１３１號五樓,5.0,49.0,0,26.92,605579,0.0,,25.10802,121.532834,芝山站出口2,1155,無電梯_4樓以上
房地(土地+建物),吳興街１５６巷７弄５號四樓,4.0,51.0,0,26.93,730081,0.0,,25.028789,121.561762,台北101/世貿站出口2,451,無電梯_4樓以上
房地(土地+建物),辛亥路三段１５７巷１０號五樓,5.0,43.0,0,38.57,587310,0.0,,25.017451,121.549488,六張犁站出口,783,無電梯_4樓以上
房地(土地+建物),松江路４３１巷１２號五樓,5.0,48.0,0,30.65,570976,0.0,,25.065471,121.534285,行天宮站出口4,583,無電梯_4樓以上
房地(土地+建物),大業路３００巷２６之１號四樓,4.0,46.0,0,27.66,498960,0.0,,25.12814,121.498012,北投站出口2,342,無電梯_4樓以上
房地(土地+建物),羅斯福路五段２１８巷２４號五樓,5.0,46.0,0,28.23,602277,0.0,,25.002163,121.537464,萬隆站出口4,125,無電梯_4樓以上
房地(土地+建物),木新路三段５０巷１１弄１２號五樓,5.0,43.0,0,32.06,427962,0.0,,24.983344,121.56356,萬芳社區站出口,1763,無電梯_4樓以上
房地(土地+建物),明德路３３１巷３４號五樓,5.0,45.0,0,30.1,648468,0.0,,25.116209,121.518346,石牌站出口1,341,無電梯_4樓以上
房地(土地+建物),寶清街１８之８號四樓,4.0,50.0,0,38.17,544896,0.0,,25.050468,121.568625,南京三民站出口4,414,無電梯_4樓以上
房地(土地+建物),吉林路２９９巷１３號四樓,4.0,40.0,0,24.71,702688,0.0,,25.063185,121.53105,行天宮站出口4,370,無電梯_4樓以上
房地(土地+建物),青年路１６８巷２弄２６號四樓之１,4.0,50.0,0,15.02,489475,0.0,,25.020697,121.502107,頂溪站出口2,1525,無電梯_4樓以上
房地(土地+建物),康樂街１１１巷１弄１４號四樓,4.0,41.0,0,25.77,513329,0.0,,25.070146,121.619261,東湖站出口3,811,無電梯_4樓以上
房地(土地+建物),中山北路六段４５０巷３６號五樓,5.0,47.0,0,26.76,590453,0.0,,25.113243,121.528413,明德站出口1,1030,無電梯_4樓以上
房地(土地+建物),吉利街１７號四樓,4.0,52.0,0,26.44,714193,0.0,,25.118139,121.504443,唭哩岸站出口2,335,無電梯_4樓以上
房地(土地+建物),環河南路二段４６巷３號四樓,4.0,42.0,0,30.45,394055,0.0,,25.038222,121.496587,龍山寺站出口1,425,無電梯_4樓以上
房地(土地+建物),中山北路六段１９５巷２１號四樓,4.0,44.0,0,37.6,691421,0.0,,25.107613,121.523467,芝山站出口2,435,無電梯_4樓以上
房地(土地+建物),安居街９８巷１７號四樓,4.0,47.0,0,30.5,726205,0.0,,25.019647,121.55229,六張犁站出口,470,無電梯_4樓以上
房地(土地+建物),永吉路３０巷８３弄３號四樓,4.0,41.0,0,36.15,809852,0.0,,25.044021,121.569145,市政府站出口4,365,無電梯_4樓以上
房地(土地+建物),福興路４６巷２弄７號四樓,4.0,49.0,0,15.13,482356,0.0,,25.003402,121.551227,辛亥站出口,614,無電梯_4樓以上
房地(土地+建物),興隆路三段２０７巷９弄４號五樓,5.0,44.0,0,29.04,334023,0.0,,24.995105,121.56117,萬芳醫院站出口,588,無電梯_4樓以上
房地(土地+建物),興南街６４巷２６弄２０號五樓,5.0,44.0,0,30.04,476060,0.0,,25.054916,121.601545,南港站出口1,589,無電梯_4樓以上
房地(土地+建物),康樂街１２５巷１２之１號五樓,5.0,44.0,0,23.05,594270,0.0,,25.07128,121.619265,東湖站出口3,872,無電梯_4樓以上
房地(土地+建物)+車位,健康路３２５巷１８弄７號四樓,4.0,39.0,0,46.51,606330,0.0,,25.05619,121.567567,南京三民站出口4,587,無電梯_4樓以上
房地(土地+建物),興隆路一段２０１號四樓,4.0,49.0,0,25.41,334514,0.0,,25.000963,121.543571,萬隆站出口2,409,無電梯_4樓以上
房地(土地+建物),木新路三段２３２巷６弄１２號四樓,4.0,49.0,0,23.81,432541,0.0,,24.981912,121.559538,大坪林站出口5,1649,無電梯_4樓以上
房地(土地+建物),天母北路１０５巷１５弄６號四樓,4.0,41.0,0,32.93,516198,0.0,,25.124234,121.52771,石牌站出口1,1623,無電梯_4樓以上
房地(土地+建物),萬壽路６２之３號五樓,5.0,18.0,0,15.27,458410,0.0,,24.985924,121.587227,動物園站出口2,1559,無電梯_4樓以上
房地(土地+建物),復興北路５１４巷４２號四樓,4.0,41.0,0,37.45,635523,0.0,,25.065885,121.542236,中山國中站出口,589,無電梯_4樓以上
房地(土地+建物),康寧路三段９９巷８弄１２號五樓,5.0,40.0,0,33.97,588795,0.0,,25.071857,121.610555,葫洲站出口1,261,無電梯_4樓以上
房地(土地+建物),新生南路一段１６１巷３９號四樓,4.0,51.0,0,44.69,928530,0.0,,25.034625,121.537009,大安森林公園站出口6,152,無電梯_4樓以上
房地(土地+建物),研究院路二段３５巷３１號四樓,4.0,49.0,0,19.52,563603,0.0,,25.046364,121.616903,南港展覽館站出口7,862,無電梯_4樓以上
房地(土地+建物),德行東路２５５號四樓,4.0,48.0,0,30.47,623486,0.0,,25.109931,121.534736,芝山站出口2,1420,無電梯_4樓以上
房地(土地+建物),景興路２８號五樓,5.0,45.0,0,33.1,488784,0.0,,24.997442,121.544594,景美站出口2,577,無電梯_4樓以上
房地(土地+建物),基隆路二段７９巷３６之３號,4.0,56.0,0,20.63,788755,0.0,,25.029269,121.559878,台北101/世貿站出口2,448,無電梯_4樓以上
房地(土地+建物),杏林二路１７號五樓,5.0,44.0,0,36.51,356050,0.0,,25.141852,121.498191,新北投站出口2,704,無電梯_4樓以上
房地(土地+建物),虎林街２９３之２號五樓,5.0,40.0,0,29.94,681400,0.0,,25.035212,121.577989,永春站出口4,627,無電梯_4樓以上
房地(土地+建物),士東路２８６巷１之５號四樓,4.0,37.0,0,48.27,590431,0.0,,25.113165,121.537501,芝山站出口2,1846,無電梯_4樓以上
房地(土地+建物),景興路２３巷６弄２７號四樓,4.0,48.0,0,27.28,595753,0.0,,24.997019,121.545529,景美站出口2,597,無電梯_4樓以上
房地(土地+建物),立農街一段２７９巷４弄１號五樓,5.0,42.0,0,29.52,555595,0.0,,25.119981,121.506339,唭哩岸站出口1,100,無電梯_4樓以上
房地(土地+建物),遼寧街１０１巷２弄１０號五樓,5.0,32.0,0,18.66,814392,0.0,,25.05033,121.542806,南京復興站出口3,164,無電梯_4樓以上
房地(土地+建物),興隆路二段１５３巷１３號四樓,4.0,48.0,0,27.16,563361,0.0,,25.00144,121.547646,萬隆站出口2,815,無電梯_4樓以上
房地(土地+建物),木柵路二段１０９巷２５弄６９號四樓,4.0,43.0,0,26.65,464537,0.0,,24.990268,121.561841,萬芳醫院站出口,1095,無電梯_4樓以上
房地(土地+建物),士東路２６６巷１２弄３號五樓,5.0,41.0,0,46.58,414378,0.0,,25.111784,121.536379,芝山站出口2,1667,無電梯_4樓以上
房地(土地+建物),惠安街３３號五樓,5.0,44.0,0,29.59,536659,0.0,,25.029306,121.506991,小南門站出口2,771,無電梯_4樓以上
房地(土地+建物),民和街５５巷１７之１號五樓,5.0,48.0,0,18.07,585360,0.0,,25.025366,121.498912,龍山寺站出口2,1087,無電梯_4樓以上
房地(土地+建物),松江路４３１巷９號四樓,4.0,48.0,0,27.51,605613,0.0,,25.065667,121.53418,行天宮站出口4,602,無電梯_4樓以上
房地(土地+建物),實踐街３７號四樓,4.0,55.0,0,29.34,511205,0.0,,25.115251,121.508821,唭哩岸站出口1,636,無電梯_4樓以上
房地(土地+建物),和平東路三段４３５巷７弄２７號四樓,4.0,48.0,0,28.04,641970,0.0,,25.019434,121.559499,麟光站出口,133,無電梯_4樓以上
房地(土地+建物),公路１１５號四樓,4.0,50.0,0,18.99,513321,0.0,,25.038486,121.606158,南港站出口1,1493,無電梯_4樓以上
房地(土地+建物),信義路六段８４號四樓,4.0,50.0,0,32.34,559727,0.0,,25.035434,121.577207,永春站出口4,589,無電梯_4樓以上
房地(土地+建物),溫泉路３４巷９弄１號四樓,4.0,45.0,0,30.86,427766,0.0,,25.133311,121.504063,新北投站出口1,410,無電梯_4樓以上
房地(土地+建物),金山南路二段１５９巷１４號五樓,5.0,47.0,0,25.68,944233,0.0,,25.029009,121.527261,古亭站出口5,486,無電梯_4樓以上
房地(土地+建物),仙岩路１６巷２４號四樓,4.0,48.0,0,27.95,593962,0.0,,24.998166,121.548916,萬芳醫院站出口,899,無電梯_4樓以上
房地(土地+建物),環山路一段１３６巷１６號四樓,4.0,48.0,0,17.41,643463,0.0,,25.087785,121.568348,西湖站出口1,629,無電梯_4樓以上
房地(土地+建物),虎林街１２０巷１７４號四樓,4.0,54.0,0,37.29,777644,0.0,,25.042158,121.57316,永春站出口1,236,無電梯_4樓以上
房地(土地+建物),萬大路３２２巷４７號四樓,4.0,50.0,0,23.4,393241,0.0,,25.024487,121.498773,龍山寺站出口2,1186,無電梯_4樓以上
房地(土地+建物),成福路６４巷１０號四樓,4.0,50.0,0,29.65,667768,0.0,,25.044312,121.586183,後山埤站出口3,310,無電梯_4樓以上
房地(土地+建物),中和街４９３巷７弄１９號四樓,4.0,45.0,0,32.0,362518,0.0,,25.143993,121.495591,新北投站出口2,1054,無電梯_4樓以上
房地(土地+建物),溫泉路５８巷２０號四樓,4.0,46.0,0,28.36,486612,0.0,,25.133354,121.505468,新北投站出口1,447,無電梯_4樓以上
房地(土地+建物),合江街１４４巷１９號四樓,4.0,54.0,0,29.62,685330,0.0,,25.05994,121.538213,行天宮站出口3,486,無電梯_4樓以上
房地(土地+建物),民權東路六段９０巷１５弄２０號四樓,4.0,41.0,0,42.72,543084,0.0,,25.06823,121.586851,文德站出口2,1148,無電梯_4樓以上
房地(土地+建物),內湖路一段９１巷３５弄７１號四樓,4.0,42.0,0,31.52,618646,0.0,,25.087925,121.561916,劍南路站出口3,712,無電梯_4樓以上
房地(土地+建物),康樂街１３６巷１５弄２０號五樓,5.0,42.0,0,28.86,485177,0.0,,25.072393,121.618149,東湖站出口3,860,無電梯_4樓以上
房地(土地+建物),松江路１０８巷１０號四樓,4.0,52.0,0,32.11,853308,0.0,,25.051348,121.531846,松江南京站出口1,77,無電梯_4樓以上
房地(土地+建物),八德路四段６９號四樓,4.0,52.0,0,29.92,743569,0.0,,25.048534,121.559954,南京三民站出口2,433,無電梯_4樓以上
房地(土地+建物),致遠二路５巷４號四樓,4.0,51.0,0,27.35,614214,0.0,,25.114322,121.511667,石牌站出口1,368,無電梯_4樓以上
房地(土地+建物),信義路六段７６巷２弄３０號五樓,5.0,38.0,0,38.91,683159,0.0,,25.033939,121.57594,象山站出口3,547,無電梯_4樓以上
房地(土地+建物),溫泉路６８巷８之１號四樓,4.0,55.0,0,29.56,449882,0.0,,25.135044,121.505247,新北投站出口1,275,無電梯_4樓以上
房地(土地+建物),富陽街３０號五樓,5.0,43.0,0,19.31,497707,0.0,,25.022993,121.556221,六張犁站出口,364,無電梯_4樓以上
房地(土地+建物),成功路二段４２６巷２５號四樓,4.0,48.0,0,33.62,559194,0.0,,25.070893,121.588821,文德站出口1,922,無電梯_4樓以上
房地(土地+建物),中央北路三段２１０之１號四樓,4.0,43.0,0,31.05,338180,0.0,,25.136558,121.480954,復興崗站出口2,429,無電梯_4樓以上
房地(土地+建物),中央北路三段２１０之１號五樓,5.0,43.0,0,31.05,338180,0.0,,25.136558,121.480954,復興崗站出口2,429,無電梯_4樓以上
房地(土地+建物),吉林路４６６號四樓,4.0,52.0,0,24.68,729308,0.0,,25.067413,121.530321,中山國小站出口4,618,無電梯_4樓以上
房地(土地+建物),雙全街６２巷７號五樓,5.0,45.0,0,27.67,448194,0.0,,25.137549,121.500548,新北投站出口2,208,無電梯_4樓以上
房地(土地+建物),松仁路３０８巷１１３號四樓,4.0,41.0,0,30.59,509991,0.0,,25.019992,121.570986,麟光站出口,1258,無電梯_4樓以上
房地(土地+建物),浦城街６巷２號四樓,4.0,43.0,0,27.98,875493,0.0,,25.024004,121.526652,台電大樓站出口3,336,無電梯_4樓以上
房地(土地+建物),福興路３２號四樓,4.0,49.0,0,21.63,600969,0.0,,25.003078,121.551025,辛亥站出口,645,無電梯_4樓以上
房地(土地+建物),泉州街２０巷５之１號四樓,4.0,20.0,0,12.41,765789,0.0,,25.026816,121.513917,中正紀念堂站出口2,760,無電梯_4樓以上
房地(土地+建物),興隆路一段２１２之１號四樓,4.0,50.0,0,33.22,598426,0.0,,24.999865,121.543618,萬隆站出口2,448,無電梯_4樓以上
房地(土地+建物),健康路６４號四樓,4.0,53.0,0,33.32,667700,0.0,,25.05329,121.553491,台北小巨蛋站出口4,204,無電梯_4樓以上
房地(土地+建物),合江街１２３號四樓,4.0,52.0,0,20.13,789057,0.0,,25.060597,121.539336,中山國中站出口,468,無電梯_4樓以上
房地(土地+建物),大同街２２８巷４號四樓,4.0,48.0,0,16.73,412477,0.0,,25.139193,121.499586,新北投站出口2,390,無電梯_4樓以上
房地(土地+建物),金龍路１９６號五樓,5.0,45.0,0,30.92,494850,0.0,,25.087371,121.587594,內湖站出口1,784,無電梯_4樓以上
房地(土地+建物),承德路四段２９２巷１１弄８號五樓,5.0,41.0,0,36.12,429108,0.0,,25.089058,121.519622,劍潭站出口1,716,無電梯_4樓以上
房地(土地+建物),文德路３０號四樓,4.0,45.0,0,28.63,606038,0.0,,25.078323,121.579914,港墘站出口1,460,無電梯_4樓以上
房地(土地+建物),崇德街３８巷１號四樓,4.0,45.0,0,17.63,757813,0.0,,25.02408,121.553955,六張犁站出口,125,無電梯_4樓以上
房地(土地+建物),木新路二段１６１巷６弄９號五樓,5.0,42.0,0,27.43,411948,0.0,,24.983305,121.568563,萬芳社區站出口,1699,無電梯_4樓以上
房地(土地+建物),知行路３１６巷２０弄１２號五樓,5.0,43.0,0,29.11,429368,0.0,,25.122055,121.468208,關渡站出口1,388,無電梯_4樓以上
房地(土地+建物),南京東路五段１２３巷２弄７號四樓,4.0,60.0,0,36.58,656128,0.0,,25.052178,121.561153,南京三民站出口1,215,無電梯_4樓以上
房地(土地+建物),致遠一路二段７０巷１８號四樓,4.0,41.0,0,41.37,628431,0.0,,25.112508,121.514319,石牌站出口2,225,無電梯_4樓以上
房地(土地+建物),承德路四段４０巷１０５號五樓之６,4.0,55.0,0,12.95,570017,0.0,,25.08164,121.520644,劍潭站出口2,452,無電梯_4樓以上
房地(土地+建物),民族東路５１２巷４號四樓,4.0,49.0,0,20.44,516224,0.0,,25.067691,121.54207,中山國中站出口,787,無電梯_4樓以上
房地(土地+建物),木柵路一段５９巷７弄２號五樓,5.0,44.0,0,40.96,385785,0.0,,24.987618,121.545971,大坪林站出口5,598,無電梯_4樓以上
房地(土地+建物),和平東路三段３９１巷２０弄３７號五樓,5.0,46.0,0,31.19,577680,0.0,,25.021128,121.559283,麟光站出口,294,無電梯_4樓以上
房地(土地+建物),林口街１３６號四樓,4.0,47.0,0,33.26,741969,0.0,,25.040162,121.581051,後山埤站出口2,402,無電梯_4樓以上
房地(土地+建物),明德路１３６巷８號四樓,4.0,49.0,0,32.32,603303,0.0,,25.109936,121.520972,明德站出口1,196,無電梯_4樓以上
房地(土地+建物),興隆路一段５５巷８號四樓,4.0,54.0,0,37.85,430696,0.0,,25.003719,121.541683,萬隆站出口3,301,無電梯_4樓以上
房地(土地+建物),康樂街１３５號四樓,4.0,37.0,0,37.46,485792,0.0,,25.074019,121.619793,東湖站出口3,1105,無電梯_4樓以上
房地(土地+建物),忠孝東路五段４２３巷４弄２１號四樓,4.0,36.0,0,36.81,784673,0.0,,25.041429,121.576289,永春站出口5,62,無電梯_4樓以上
房地(土地+建物),和平東路二段７６巷２９弄７號四樓,4.0,45.0,0,30.13,938632,0.0,,25.022572,121.539416,科技大樓站出口,583,無電梯_4樓以上
房地(土地+建物),承德路四段８０巷５７之２號五樓,5.0,40.0,0,25.99,591680,0.0,,25.083173,121.521436,劍潭站出口2,334,無電梯_4樓以上
房地(土地+建物),瑞安街２２２巷２號四樓,4.0,53.0,0,55.62,755116,0.0,,25.027516,121.539988,科技大樓站出口,398,無電梯_4樓以上
房地(土地+建物),中央北路二段９５巷１弄３８號四樓,4.0,46.0,0,30.26,497653,0.0,,25.135798,121.496371,北投站出口1,424,無電梯_4樓以上
房地(土地+建物),興隆路一段２５９號四樓,4.0,53.0,0,25.5,450968,0.0,,24.999308,121.544215,萬隆站出口2,529,無電梯_4樓以上
房地(土地+建物),中山北路七段８２巷２１號五樓,5.0,46.0,0,34.66,591505,0.0,,25.121414,121.532824,石牌站出口2,1885,無電梯_4樓以上
房地(土地+建物),基隆路一段１４７巷５弄３８號四樓,4.0,42.0,0,28.35,849990,0.0,,25.042847,121.566651,市政府站出口4,184,無電梯_4樓以上
房地(土地+建物),瑞安街１３５巷１９號四樓,4.0,56.0,0,22.94,950240,0.0,,25.026746,121.540861,科技大樓站出口,287,無電梯_4樓以上
房地(土地+建物),民權東路六段５６巷１５弄７號四樓,4.0,41.0,0,22.9,524105,0.0,,25.067691,121.585708,文德站出口2,1191,無電梯_4樓以上
房地(土地+建物),哈密街５９巷２１弄２３號五樓,5.0,28.0,0,25.59,600129,0.0,,25.074655,121.5164,圓山站出口2,492,無電梯_4樓以上
